timestamp_ms,inside_temp_C,inside_hum_pct,pressure_hPa,outside_temp_C,outside_hum_pct,light_lux,wind_speed_ms,wind_speed_kmh,wind_beaufort,wind_dir_deg,wind_dir_bearing,battery_pct,solar_V,solar_charging
3071,27.0,32.9,952.3,26.9,30.5,153,0.0,0.0,0,355.8,N,47,3.80,1
6276,27.0,33.1,952.3,26.9,30.6,107,0.0,0.3,0,292.3,WNW,46,3.84,1
9480,27.0,33.6,952.3,26.9,30.7,80,0.0,0.3,0,134.5,SE,49,3.45,1
12684,27.0,33.4,952.3,26.9,30.8,12,0.1,0.6,0,117.8,ESE,45,2.20,1
15888,27.0,33.8,952.3,26.9,30.8,11,0.0,0.3,0,187.3,S,48,2.56,1
19094,27.0,33.7,952.5,26.9,30.8,50,0.2,0.8,1,320.8,NW,43,3.82,1
22299,27.0,34.0,952.6,26.9,30.7,72,0.1,0.6,0,274.0,W,48,3.79,1
25504,27.0,33.9,952.6,26.9,30.6,186,0.5,2.0,1,179.4,S,46,3.91,1
28711,27.0,33.8,952.6,26.9,30.5,1771,0.7,2.8,1,257.0,WSW,47,4.12,1
31916,27.0,34.3,952.6,26.9,30.3,24907,0.4,1.7,1,153.1,SSE,53,4.16,1
35121,27.0,34.0,952.6,26.9,30.1,22344,0.6,2.2,1,126.8,SE,55,4.20,1
38326,27.0,34.2,952.6,26.9,30.2,21813,0.5,2.0,1,137.2,SE,53,4.18,1
41531,27.0,33.7,952.6,26.9,30.4,2257,0.4,1.7,1,147.2,SSE,50,4.17,1
44738,27.0,33.8,952.6,26.9,30.5,3631,0.6,2.2,1,291.2,WNW,51,4.12,1
47942,27.0,34.2,952.7,26.9,30.6,2405,0.3,1.4,1,108.1,ESE,47,4.12,1
51147,27.0,34.3,952.6,26.9,30.6,23803,0.4,1.7,1,73.3,ENE,54,4.17,1
54352,27.0,34.2,952.6,26.9,30.6,16591,0.0,0.3,0,218.0,SW,47,4.12,1
57557,27.0,34.2,952.6,26.9,30.6,22266,0.1,0.6,0,343.8,NNW,54,4.18,1
60762,27.0,34.3,952.6,26.9,30.6,21932,0.4,1.7,1,28.4,NNE,55,4.18,1
63967,27.1,34.0,952.6,26.9,30.6,21639,0.4,1.7,1,300.0,WNW,56,4.18,1
67174,27.1,33.9,952.6,26.9,30.5,21781,0.6,2.2,1,155.3,SSE,57,4.18,1
70379,27.1,34.3,952.6,27.0,30.5,21660,0.6,2.2,1,185.1,S,58,4.18,1
73584,27.1,34.1,952.6,27.0,30.4,21887,0.6,2.2,1,223.5,SW,55,4.18,1
76789,27.1,33.6,952.6,27.0,30.4,21806,0.6,2.2,1,267.6,W,57,4.18,1
79994,27.1,33.9,952.5,27.0,30.5,21646,0.6,2.2,1,253.7,WSW,56,4.18,1
83199,27.2,33.8,952.5,27.0,30.5,21363,0.7,2.5,1,193.1,SSW,57,4.17,1
86404,27.2,34.0,952.6,27.0,30.3,21085,0.6,2.2,1,180.7,S,56,4.18,1
89609,27.2,33.9,952.5,27.0,30.1,21076,0.5,2.0,1,173.5,S,55,4.18,1
92816,27.2,33.3,952.6,27.0,29.9,21142,0.5,2.0,1,179.1,S,54,4.18,1
96020,27.2,33.5,952.5,27.0,29.8,21566,0.4,1.7,1,108.7,ESE,54,4.18,1
99225,27.3,33.3,952.6,27.0,29.7,21778,0.4,1.7,1,131.6,SE,54,4.18,1
102430,27.3,33.8,952.5,27.0,29.7,21743,0.4,1.7,1,225.1,SW,56,4.18,1
105634,27.3,33.9,952.6,27.1,29.7,21571,0.5,2.0,1,237.5,WSW,54,4.18,1
108839,27.3,33.4,952.5,27.1,29.7,22088,0.6,2.2,1,109.9,ESE,54,4.18,1
112044,27.3,33.4,952.6,27.1,29.9,22078,0.6,2.2,1,145.8,SE,55,4.18,1
115251,27.4,33.4,952.5,27.1,29.9,21814,0.5,2.0,1,189.5,S,57,4.18,1
118456,27.4,33.5,952.5,27.1,30.0,21683,0.4,1.7,1,352.0,N,55,4.18,1
121661,27.4,33.4,952.5,27.1,30.0,18111,0.3,1.4,1,352.8,N,57,4.18,1
124866,27.4,33.4,952.5,27.1,30.1,16362,0.2,0.8,1,135.9,SE,55,4.18,1
128071,27.4,33.8,952.6,27.1,30.2,16352,0.1,0.6,0,124.1,SE,56,4.18,1
131276,27.5,34.1,952.5,27.1,30.1,16356,0.2,0.8,1,245.6,WSW,54,4.17,1
134481,27.5,33.4,952.5,27.2,30.1,16390,0.0,0.0,0,213.4,SSW,54,4.18,1
137686,27.5,34.2,952.5,27.2,30.0,16373,0.1,0.6,0,133.4,SE,55,4.18,1
140893,27.5,33.7,952.5,27.2,29.9,16358,0.1,0.6,0,126.3,SE,55,4.18,1
144097,27.6,34.1,952.5,27.2,29.8,16382,0.0,0.3,0,167.4,SSE,55,4.18,1
147302,27.6,34.0,952.6,27.2,29.7,22176,0.0,0.0,0,199.6,SSW,58,4.18,1
150507,27.6,34.1,952.6,27.2,29.7,22080,0.0,0.0,0,194.6,SSW,58,4.16,1
153712,27.6,33.7,952.6,27.2,29.8,22081,0.0,0.0,0,48.7,NE,53,4.18,1
156916,27.6,34.1,952.5,27.2,29.9,21616,0.0,0.0,0,215.5,SW,58,4.18,1
160121,27.7,34.2,952.5,27.2,29.9,20023,0.0,0.0,0,335.4,NNW,56,4.18,1
163328,27.7,34.2,952.5,27.3,29.8,20027,0.0,0.3,0,264.9,W,59,4.17,1
166532,27.7,33.8,952.5,27.3,29.8,21996,0.0,0.0,0,130.8,SE,56,4.18,1
169736,27.7,33.7,952.5,27.3,29.8,21852,0.0,0.0,0,194.9,SSW,57,4.18,1
172940,27.8,33.5,952.5,27.3,29.7,20114,0.0,0.0,0,66.5,ENE,57,4.18,1
176144,27.8,33.8,952.5,27.3,29.6,20115,0.0,0.0,0,188.7,S,56,4.18,1
179348,27.8,34.1,952.5,27.3,29.6,20117,0.0,0.0,0,124.1,SE,56,4.18,1
182552,27.8,33.6,952.5,27.3,29.5,20133,0.0,0.3,0,111.9,ESE,59,4.18,1
185757,27.9,34.2,952.5,27.3,29.5,20102,0.0,0.3,0,159.2,SSE,59,4.18,1
188963,27.9,33.5,952.6,27.4,29.6,20083,0.0,0.0,0,139.2,SE,56,4.18,1
192167,27.9,34.0,952.5,27.4,29.6,20096,0.0,0.0,0,140.9,SE,55,4.17,1
195372,27.9,33.5,952.5,27.4,29.5,20139,0.0,0.0,0,143.4,SE,56,4.19,1
198576,28.0,33.5,952.5,27.4,29.4,20083,0.0,0.0,0,122.2,ESE,59,4.18,1
201780,28.0,33.5,952.5,27.4,29.4,20123,0.0,0.0,0,149.9,SSE,55,4.18,1
204984,28.0,33.7,952.5,27.5,29.4,20123,0.0,0.0,0,141.1,SE,54,4.18,1
208189,28.0,33.7,952.5,27.5,29.4,20131,0.0,0.0,0,154.0,SSE,56,4.18,1
211395,28.0,33.7,952.5,27.5,29.3,20088,0.0,0.0,0,138.9,SE,56,4.18,1
214600,28.1,33.7,952.5,27.5,29.3,20123,0.0,0.0,0,157.5,SSE,57,4.17,1
217805,28.1,33.8,952.5,27.5,29.3,20083,0.0,0.0,0,147.8,SSE,58,4.18,1
221010,28.1,33.5,952.4,27.5,29.2,20143,0.0,0.0,0,160.4,SSE,59,4.19,1
224215,28.1,33.6,952.5,27.6,29.2,20102,0.0,0.0,0,161.0,SSE,57,4.18,1
227420,28.2,33.5,952.5,27.6,29.2,20122,0.0,0.0,0,163.3,SSE,59,4.18,1
230625,28.2,33.6,952.6,27.6,29.2,20148,0.0,0.0,0,154.9,SSE,56,4.18,1
233832,28.2,33.7,952.5,27.6,29.2,20068,0.0,0.0,0,152.5,SSE,56,4.18,1
237037,28.2,33.6,952.5,27.6,29.1,20099,0.0,0.0,0,147.4,SSE,56,4.18,1
240242,28.2,34.0,952.5,27.6,29.1,20075,0.0,0.0,0,154.8,SSE,57,4.18,1
243447,28.3,33.8,952.5,27.6,29.1,20136,0.0,0.0,0,136.9,SE,55,4.18,1
246652,28.3,33.8,952.5,27.7,29.1,20140,0.0,0.0,0,166.5,SSE,57,4.19,1
249856,28.3,33.6,952.5,27.7,29.0,20154,0.0,0.0,0,166.4,SSE,56,4.18,1
253060,28.3,34.1,952.5,27.7,29.0,20144,0.0,0.0,0,164.2,SSE,58,4.18,1
256265,28.4,33.6,952.5,27.7,29.1,20142,0.0,0.0,0,166.5,SSE,53,4.18,1
259472,28.4,33.6,952.4,27.7,29.1,20085,0.0,0.0,0,166.6,SSE,59,4.18,1
262677,28.4,33.7,952.5,27.7,29.1,18769,0.0,0.3,0,166.5,SSE,56,4.18,1
265882,28.4,33.8,952.5,27.7,29.1,21934,0.0,0.3,0,145.0,SE,59,4.18,1
269087,28.5,33.7,952.5,27.8,29.1,22327,0.0,0.0,0,86.7,E,55,4.18,1
272291,28.5,33.8,952.4,27.8,29.1,21658,0.3,1.1,1,54.4,NE,56,4.18,1
275496,28.5,33.7,952.5,27.8,29.3,21953,0.3,1.4,1,39.7,NE,57,4.18,1
278701,28.5,33.7,952.5,27.8,29.5,21732,0.4,1.7,1,95.2,E,57,4.18,1
281908,28.5,33.7,952.5,27.8,29.6,21748,0.4,1.7,1,311.7,NW,57,4.19,1
285112,28.6,33.8,952.5,27.8,29.7,21938,0.4,1.7,1,317.6,NW,57,4.18,1
288317,28.6,33.8,952.5,27.9,29.8,21772,0.4,1.7,1,344.1,NNW,57,4.18,1
291522,28.6,33.7,952.5,27.9,29.8,22108,0.3,1.4,1,328.2,NNW,56,4.17,1
294726,28.6,33.7,952.6,27.9,29.7,21812,0.3,1.4,1,315.2,NW,59,4.18,1
297931,28.7,33.8,952.5,27.9,29.8,21913,0.4,1.7,1,325.2,NW,49,4.12,1
301136,28.7,33.7,952.4,27.9,29.9,21924,0.3,1.4,1,18.2,NNE,57,4.17,1
304341,28.7,34.4,952.5,27.9,30.1,21877,0.2,0.8,1,87.1,E,57,4.18,1
307548,28.7,33.7,952.5,28.0,30.1,21900,0.2,0.8,1,335.3,NNW,57,4.18,1
310753,28.8,33.8,952.5,28.0,30.0,21918,0.3,1.4,1,259.5,W,59,4.18,1
313958,28.8,33.8,952.5,28.0,29.9,21894,0.3,1.4,1,270.0,W,56,4.18,1
317163,28.8,34.5,952.5,28.0,29.8,21903,0.3,1.1,1,358.7,N,56,4.18,1
320368,28.8,33.9,952.4,28.0,29.7,21921,0.3,1.4,1,329.8,NNW,55,4.19,1
323573,28.9,34.3,952.4,28.0,29.6,21939,0.2,0.8,1,320.9,NW,59,4.18,1
326778,28.9,34.1,952.5,28.0,29.6,21907,0.0,0.3,0,37.1,NE,56,4.18,1
329985,28.9,34.3,952.5,28.1,29.6,21903,0.0,0.3,0,151.7,SSE,54,4.18,1
333190,28.9,34.5,952.5,28.1,29.5,21907,0.0,0.3,0,274.4,W,55,4.18,1
336395,29.0,34.1,952.5,28.1,29.3,21896,0.0,0.3,0,344.0,NNW,56,4.18,1
339600,29.0,34.5,952.5,28.1,29.3,21906,0.1,0.6,0,179.0,S,55,4.18,1
342805,29.0,34.3,952.5,28.1,29.2,21941,0.2,0.8,1,242.4,WSW,53,4.18,1
346009,29.0,34.3,952.5,28.1,29.2,21917,0.3,1.4,1,283.6,WNW,56,4.18,1
349214,29.0,34.5,952.5,28.1,29.2,21907,0.5,2.0,1,275.0,W,56,4.18,1
352421,29.1,34.4,952.5,28.1,29.2,21912,0.6,2.2,1,291.1,WNW,59,4.18,1
355625,29.1,34.5,952.4,28.2,29.1,21931,0.7,2.5,1,266.9,W,57,4.19,1
358829,29.1,34.2,952.5,28.2,29.1,21965,0.6,2.2,1,197.5,SSW,57,4.18,1
362033,29.1,34.5,952.5,28.2,29.0,21900,0.0,0.3,0,255.4,WSW,59,4.18,1
365237,29.2,34.1,952.5,28.2,29.0,21893,0.4,1.7,1,244.2,WSW,59,4.18,1
368441,29.2,34.0,952.5,28.2,29.0,21903,0.0,0.3,0,211.7,SSW,59,4.18,1
371646,29.2,34.6,952.5,28.2,29.0,21878,0.1,0.6,0,14.6,NNE,59,4.18,1
374850,29.2,33.9,952.5,28.2,29.0,21884,0.3,1.1,1,291.6,WNW,58,4.18,1
378056,29.3,34.4,952.5,28.2,29.0,21892,0.2,0.8,1,300.0,WNW,59,4.19,1
381260,29.3,34.3,952.5,28.2,29.0,21881,0.0,0.3,0,350.8,N,59,4.18,1
384464,29.3,34.1,952.5,28.3,28.9,21975,0.1,0.6,0,353.8,N,58,4.19,1
387669,29.3,34.1,952.5,28.3,28.8,22068,0.0,0.0,0,278.8,W,56,4.18,1
390873,29.3,34.1,952.5,28.3,28.8,21999,0.0,0.0,0,279.1,W,60,4.19,1
394077,29.3,34.1,952.5,28.3,28.8,21962,0.0,0.0,0,250.4,WSW,56,4.18,1
397281,29.4,34.1,952.5,28.3,28.8,21958,0.2,0.8,1,256.6,WSW,54,4.18,1
400488,29.4,34.2,952.5,28.3,28.9,21956,0.4,1.7,1,256.8,WSW,58,4.18,1
403692,29.4,34.5,952.5,28.3,28.9,21983,0.5,2.0,1,309.6,NW,57,4.18,1
406897,29.4,34.4,952.5,28.3,29.0,21920,0.6,2.2,1,295.8,WNW,58,4.18,1
410103,29.4,34.4,952.5,28.3,28.9,21926,0.7,2.5,1,292.5,WNW,57,4.18,1
413308,29.5,34.1,952.4,28.3,28.9,21920,0.5,2.0,1,292.4,WNW,60,4.18,1
416512,29.5,34.4,952.4,28.4,28.8,21913,0.6,2.2,1,285.9,WNW,58,4.18,1
419716,29.5,34.1,952.4,28.4,28.8,21895,0.7,2.8,1,238.5,WSW,57,4.18,1
422921,29.5,34.1,952.4,28.4,28.9,21903,0.8,3.1,1,277.2,W,57,4.17,1
426128,29.5,34.0,952.5,28.4,28.9,21933,0.7,2.8,1,283.1,WNW,56,4.18,1
429333,29.5,34.5,952.5,28.4,28.7,21943,0.7,2.5,1,318.2,NW,60,4.17,1
432538,29.6,34.1,952.5,28.4,28.7,21915,0.7,2.5,1,275.0,W,57,4.18,1
435743,29.6,34.0,952.5,28.4,28.7,21923,0.6,2.2,1,289.9,WNW,59,4.18,1
438947,29.6,34.1,952.4,28.4,28.7,21929,0.6,2.2,1,249.8,WSW,56,4.18,1
442152,29.6,34.3,952.4,28.4,28.7,21961,0.7,2.8,1,278.9,W,56,4.19,1
445357,29.6,34.2,952.4,28.4,28.7,21931,0.8,3.1,1,260.5,W,57,4.18,1
448564,29.6,34.2,952.5,28.4,28.7,21906,0.7,2.5,1,293.1,WNW,56,4.18,1
451768,29.7,34.1,952.5,28.4,28.7,21921,0.7,2.5,1,18.4,NNE,56,4.18,1
454972,29.7,34.3,952.5,28.4,28.7,21912,0.6,2.2,1,250.4,WSW,56,4.18,1
458177,29.7,34.0,952.5,28.4,28.8,21894,0.5,2.0,1,256.6,WSW,58,4.18,1
461382,29.7,34.1,952.4,28.4,28.8,21878,0.4,1.7,1,27.0,NNE,57,4.17,1
464587,29.7,34.2,952.5,28.5,28.8,21860,0.4,1.7,1,358.4,N,55,4.18,1
467792,29.8,34.2,952.4,28.5,28.9,21893,0.3,1.4,1,290.8,WNW,59,4.19,1
470999,29.8,34.3,952.5,28.5,29.0,21869,0.3,1.4,1,275.8,W,59,4.19,1
474204,29.8,34.1,952.5,28.5,29.0,21869,0.3,1.4,1,296.9,WNW,57,4.18,1
477409,29.8,34.1,952.5,28.5,28.9,21858,0.4,1.7,1,237.5,WSW,56,4.18,1
480614,29.8,34.1,952.5,28.5,28.8,21869,0.4,1.7,1,316.7,NW,57,4.18,1
483819,29.8,34.5,952.5,28.5,28.8,21851,0.5,2.0,1,271.5,W,60,4.18,1
487023,29.9,34.2,952.5,28.5,28.9,21852,0.5,2.0,1,258.8,W,59,4.18,1
490228,29.9,34.5,952.5,28.5,28.9,21836,0.4,1.7,1,343.2,NNW,59,4.18,1
493433,29.9,34.3,952.5,28.5,29.0,21867,0.5,2.0,1,226.5,SW,56,4.17,1
496640,29.9,34.4,952.5,28.5,29.0,21823,0.6,2.2,1,250.2,WSW,58,4.18,1
499844,29.9,34.2,952.5,28.6,29.0,21823,0.6,2.2,1,304.5,NW,57,4.18,1
503049,29.9,34.3,952.5,28.6,29.0,21830,0.5,2.0,1,275.1,W,56,4.17,1
506254,30.0,34.8,952.5,28.6,29.0,21833,0.5,2.0,1,303.0,WNW,56,4.19,1
509459,30.0,34.5,952.5,28.6,29.0,21865,0.5,2.0,1,298.0,WNW,57,4.18,1
512664,30.0,34.4,952.5,28.6,28.9,21858,0.4,1.7,1,325.9,NW,57,4.19,1
515869,30.0,34.6,952.5,28.6,28.8,21861,0.3,1.4,1,312.3,NW,57,4.19,1
519076,30.0,34.5,952.5,28.6,28.8,21866,0.4,1.7,1,260.4,W,57,4.18,1
522280,30.0,34.6,952.5,28.6,28.8,21877,0.5,2.0,1,212.4,SSW,57,4.18,1
525485,30.0,34.3,952.4,28.6,28.8,21889,0.6,2.2,1,317.7,NW,60,4.17,1
528689,30.1,34.3,952.5,28.6,29.0,21858,0.5,2.0,1,286.8,WNW,60,4.18,1
531894,30.1,34.6,952.4,28.6,29.0,21870,0.6,2.2,1,250.9,WSW,59,4.18,1
535098,30.1,34.8,952.5,28.6,29.0,21902,0.8,3.1,1,239.5,WSW,57,4.18,1
538303,30.1,34.5,952.5,28.6,28.9,21898,1.0,3.6,1,272.7,W,57,4.18,1
541508,30.1,34.8,952.5,28.7,28.9,21887,0.9,3.4,1,289.3,WNW,59,4.19,1
544715,30.1,34.7,952.4,28.7,28.9,21884,0.8,3.1,1,252.8,WSW,57,4.18,1
547919,30.1,34.8,952.5,28.7,29.0,21885,0.7,2.8,1,267.7,W,59,4.19,1
551123,30.2,34.7,952.6,28.7,29.0,21891,0.7,2.8,1,326.3,NNW,59,4.18,1
554327,30.2,34.8,952.5,28.7,29.0,21895,0.7,2.8,1,303.1,WNW,59,4.18,1
557531,30.2,34.9,952.5,28.7,29.0,21883,0.6,2.2,1,260.7,W,60,4.18,1
560736,30.2,34.6,952.5,28.7,29.0,21887,0.8,3.1,1,247.3,WSW,60,4.18,1
563940,30.2,34.6,952.4,28.7,29.0,21877,0.7,2.8,1,285.3,WNW,56,4.19,1
567146,30.2,34.9,952.5,28.7,28.9,21908,0.7,2.5,1,300.4,WNW,57,4.18,1
570350,30.2,34.9,952.5,28.7,28.9,21892,0.5,2.0,1,302.6,WNW,57,4.18,1
573554,30.3,34.7,952.5,28.7,28.9,21892,0.4,1.7,1,301.4,WNW,57,4.18,1
576758,30.3,34.9,952.5,28.7,28.8,21896,0.4,1.7,1,317.1,NW,60,4.18,1
579962,30.3,34.9,952.5,28.7,28.8,21891,0.3,1.4,1,317.2,NW,60,4.18,1
583166,30.3,35.0,952.5,28.7,28.7,21878,0.3,1.4,1,280.4,W,60,4.19,1
586370,30.3,34.6,952.5,28.7,28.8,21907,0.3,1.4,1,236.9,WSW,59,4.19,1
589576,30.3,35.0,952.5,28.8,28.8,21892,0.3,1.1,1,263.5,W,56,4.18,1
592781,30.3,34.6,952.5,28.8,28.8,21893,0.3,1.4,1,22.8,NNE,57,4.18,1
595986,30.3,34.9,952.5,28.8,28.7,21846,0.3,1.1,1,79.4,E,57,4.18,1
599191,30.4,34.6,952.5,28.8,28.7,21863,0.3,1.1,1,279.3,W,57,4.18,1
602396,30.4,34.7,952.4,28.8,28.7,21876,0.3,1.1,1,264.9,W,60,4.18,1
605601,30.4,34.7,952.5,28.8,28.6,21866,0.2,0.8,1,1.0,N,60,4.18,1
608806,30.4,35.0,952.5,28.8,28.6,21833,0.2,0.8,1,25.8,NNE,56,4.19,1
612011,30.4,34.8,952.5,28.8,28.7,21853,0.2,0.8,1,300.4,WNW,59,4.18,1
615218,30.4,34.7,952.5,28.8,28.7,21864,0.2,0.8,1,235.1,SW,56,4.19,1
618422,30.5,34.7,952.5,28.8,28.8,21868,0.3,1.1,1,300.5,WNW,57,4.18,1
621627,30.5,34.7,952.4,28.8,28.7,21854,0.3,1.4,1,268.6,W,58,4.18,1
624831,30.5,35.0,952.4,28.8,28.7,21848,0.4,1.7,1,216.3,SW,57,4.18,1
628036,30.5,34.8,952.5,28.9,28.7,21870,0.5,2.0,1,298.8,WNW,57,4.18,1
631240,30.5,34.8,952.5,28.9,28.7,21833,0.5,2.0,1,341.9,NNW,58,4.18,1
634445,30.5,34.9,952.5,28.9,28.6,21857,0.4,1.7,1,299.3,WNW,60,4.18,1
637652,30.6,34.6,952.4,28.9,28.6,21861,0.4,1.7,1,245.9,WSW,59,4.18,1
640857,30.6,34.9,952.4,28.9,28.7,21805,0.3,1.4,1,267.6,W,60,4.18,1
644062,30.6,35.0,952.5,28.9,28.8,21813,0.4,1.7,1,287.4,WNW,60,4.18,1
647267,30.6,34.8,952.4,28.9,28.7,21806,0.4,1.7,1,272.1,W,58,4.18,1
650472,30.6,34.9,952.5,28.9,28.7,21800,0.3,1.4,1,317.4,NW,58,4.19,1
653677,30.6,35.1,952.5,28.9,28.7,21808,0.3,1.4,1,315.6,NW,57,4.19,1
656882,30.6,35.0,952.4,28.9,28.7,21823,0.3,1.1,1,332.2,NNW,57,4.18,1
660087,30.7,34.8,952.4,29.0,28.7,21818,0.3,1.1,1,303.2,WNW,60,4.19,1
663294,30.7,34.8,952.5,29.0,28.7,21793,0.3,1.1,1,261.6,W,54,4.18,1
666498,30.7,35.0,952.4,29.0,28.6,21810,0.2,0.8,1,262.3,W,59,4.18,1
669703,30.7,34.8,952.4,29.0,28.5,21797,0.1,0.6,0,304.7,NW,54,4.18,1
672908,30.7,35.2,952.5,29.0,28.5,21839,0.1,0.6,0,33.0,NNE,56,4.18,1
676113,30.7,34.9,952.5,29.0,28.5,21825,0.1,0.6,0,46.4,NE,57,4.18,1
679318,30.7,34.8,952.5,29.0,28.5,21800,0.1,0.6,0,357.4,N,58,4.19,1
682523,30.8,34.8,952.5,29.0,28.5,21808,0.1,0.6,0,306.3,NW,57,4.17,1
685730,30.8,34.9,952.5,29.0,28.6,21756,0.0,0.3,0,320.3,NW,58,4.18,1
688935,30.8,34.9,952.4,29.1,28.6,21822,0.0,0.3,0,332.3,NNW,60,4.18,1
692143,30.8,35.1,952.4,29.1,28.5,21817,0.0,0.3,0,357.8,N,59,4.18,1
695347,30.8,35.0,952.4,29.1,28.5,21828,0.0,0.3,0,6.9,N,55,4.18,1
698552,30.9,34.9,952.5,29.1,28.4,21830,0.0,0.0,0,11.1,N,60,4.19,1
701757,30.9,34.9,952.4,29.1,28.4,21824,0.0,0.3,0,0.5,N,58,4.18,1
704961,30.9,34.9,952.5,29.1,28.4,21855,0.0,0.0,0,304.4,NW,59,4.19,1
708165,30.9,34.8,952.5,29.1,28.5,21805,0.0,0.0,0,348.7,NNW,60,4.19,1
711372,30.9,35.1,952.5,29.2,28.5,21851,0.0,0.3,0,49.4,NE,54,4.18,1
714577,30.9,35.2,952.5,29.2,28.5,21825,0.0,0.0,0,20.2,NNE,57,4.18,1
717782,31.0,35.1,952.4,29.2,28.6,21826,0.0,0.0,0,335.4,NNW,60,4.18,1
720986,31.0,35.1,952.5,29.2,28.6,21839,0.0,0.0,0,331.3,NNW,57,4.19,1
724191,31.0,35.0,952.5,29.2,28.6,21848,0.0,0.0,0,337.7,NNW,57,4.19,1
727395,31.0,35.0,952.4,29.2,28.7,21840,0.0,0.0,0,1.5,N,54,4.18,1
730599,31.0,35.0,952.4,29.3,28.7,21829,0.0,0.0,0,345.8,NNW,60,4.19,1
733805,31.0,35.0,952.4,29.3,28.7,21848,0.0,0.0,0,31.3,NNE,59,4.19,1
737010,31.1,35.1,952.4,29.3,28.7,21841,0.0,0.0,0,61.2,ENE,59,4.18,1
740214,31.1,35.1,952.5,29.3,28.7,21843,0.0,0.0,0,51.8,NE,60,4.18,1
743418,31.1,35.0,952.5,29.3,28.7,21886,0.1,0.6,0,90.3,E,58,4.18,1
746622,31.1,35.2,952.4,29.4,28.8,21863,0.2,0.8,1,67.7,ENE,57,4.18,1
749827,31.1,35.1,952.4,29.4,28.8,21851,0.4,1.7,1,96.6,E,54,4.18,1
753031,31.2,35.1,952.4,29.4,29.0,21848,0.7,2.5,1,93.3,E,60,4.18,1
756233,31.2,34.9,952.5,29.4,29.1,21829,0.8,3.1,1,77.7,ENE,57,4.18,1
759438,31.2,35.2,952.5,29.4,29.0,21811,0.8,3.1,1,87.3,E,58,4.18,1
762642,31.2,35.1,952.4,29.4,28.9,21840,0.7,2.8,1,81.8,E,56,4.18,1
765846,31.2,35.2,952.5,29.5,28.9,21821,0.7,2.5,1,74.6,ENE,60,4.18,1
769050,31.3,35.0,952.5,29.5,28.8,21875,0.7,2.5,1,7.4,N,56,4.18,1
772254,31.3,35.2,952.5,29.5,28.6,21857,0.6,2.2,1,43.9,NE,58,4.19,1
775459,31.3,35.1,952.5,29.5,28.5,21841,0.5,2.0,1,25.0,NNE,60,4.19,1
778663,31.3,34.9,952.4,29.5,28.5,21859,0.5,2.0,1,58.7,ENE,59,4.17,1
781869,31.3,35.0,952.5,29.5,28.4,21843,0.4,1.7,1,23.1,NNE,60,4.18,1
785074,31.4,35.2,952.4,29.6,28.3,21853,0.4,1.7,1,330.4,NNW,59,4.19,1
788281,31.4,35.1,952.4,29.6,28.3,21840,0.3,1.4,1,22.3,NNE,60,4.18,1
791486,31.4,35.2,952.4,29.6,28.3,21843,0.3,1.1,1,81.0,E,59,4.18,1
794691,31.4,35.2,952.4,29.6,28.3,21903,0.3,1.1,1,70.6,ENE,57,4.18,1
797899,31.4,35.1,952.4,29.6,28.3,21853,0.3,1.4,1,110.9,ESE,57,4.19,1
801104,31.4,35.3,952.4,29.6,28.5,21863,0.7,2.5,1,51.0,NE,59,4.18,1
804311,31.5,35.2,952.4,29.7,28.5,21879,0.7,2.8,1,55.1,NE,57,4.18,1
807516,31.5,35.1,952.4,29.7,28.5,21854,0.7,2.5,1,82.1,E,60,4.18,1
810721,31.5,35.2,952.4,29.7,28.4,21859,0.7,2.5,1,112.1,ESE,59,4.18,1
813926,31.5,35.2,952.4,29.7,28.3,21839,0.7,2.5,1,325.7,NW,57,4.18,1
817131,31.5,35.1,952.4,29.7,28.3,21830,0.7,2.5,1,131.0,SE,60,4.18,1
820335,31.5,35.2,952.4,29.7,28.4,21812,0.8,3.1,1,6.0,N,58,4.18,1
823540,31.6,35.2,952.4,29.7,28.5,21822,0.9,3.4,1,144.3,SE,60,4.19,1
826745,31.6,35.2,952.4,29.8,28.6,21847,1.0,3.9,1,224.6,SW,57,4.19,1
829951,31.6,35.1,952.5,29.8,28.3,21815,1.0,3.9,1,189.5,S,57,4.18,1
833156,31.6,35.1,952.4,29.8,28.2,21776,1.0,3.6,1,34.2,NE,57,4.18,1
836361,31.6,35.1,952.4,29.8,28.2,21773,0.9,3.4,1,83.7,E,54,4.19,1
839566,31.6,35.2,952.5,29.8,28.1,21802,0.8,3.1,1,14.9,NNE,61,4.18,1
842771,31.6,35.3,952.4,29.8,28.0,21823,1.0,3.9,1,95.6,E,57,4.18,1
845976,31.7,35.1,952.5,29.8,27.8,21805,0.9,3.4,1,29.1,NNE,57,4.17,1
849181,31.7,35.2,952.4,29.9,27.8,21807,0.9,3.4,1,90.7,E,57,4.18,1
852384,31.7,35.2,952.4,29.9,27.8,21840,1.1,4.2,1,45.8,NE,60,4.19,1
855589,31.7,35.2,952.4,29.9,27.7,21855,1.4,5.3,1,86.6,E,57,4.19,1
858794,31.7,35.2,952.3,29.9,27.7,21832,1.7,6.2,2,73.0,ENE,59,4.18,1
861999,31.7,35.2,952.5,29.9,27.7,21833,1.6,5.9,2,63.6,ENE,59,4.18,1
865204,31.7,35.2,952.4,29.9,27.6,21853,1.4,5.0,1,78.5,ENE,59,4.17,1
868409,31.7,35.2,952.3,29.9,27.6,21847,1.3,4.8,1,104.8,ESE,60,4.18,1
871618,31.7,35.0,952.4,29.9,27.7,21841,1.1,4.2,1,109.4,ESE,60,4.18,1
874823,31.8,35.3,952.4,29.9,27.6,21813,1.0,3.6,1,349.1,N,60,4.17,1
878030,31.8,35.2,952.4,29.9,27.6,21832,1.0,3.6,1,239.4,WSW,60,4.18,1
881235,31.8,35.3,952.4,29.9,27.6,21799,0.9,3.4,1,181.5,S,60,4.19,1
884440,31.8,35.2,952.3,30.0,27.7,21784,0.8,3.1,1,155.0,SSE,59,4.18,1
887644,31.8,35.2,952.4,30.0,27.8,21795,0.8,3.1,1,18.2,NNE,60,4.18,1
890849,31.8,35.1,952.4,30.0,27.7,21779,0.7,2.8,1,75.1,ENE,60,4.18,1
894054,31.8,35.2,952.3,30.0,27.7,21792,0.8,3.1,1,87.9,E,57,4.18,1
897259,31.8,35.3,952.4,30.0,27.7,21784,0.8,3.1,1,99.7,E,54,4.19,1
900466,31.8,35.2,952.4,30.0,27.7,21739,0.7,2.8,1,102.2,ESE,57,4.18,1
903671,31.8,35.2,952.4,30.0,27.6,21745,0.6,2.2,1,57.6,ENE,57,4.18,1
906876,31.8,35.2,952.4,30.0,27.7,21736,0.5,2.0,1,344.8,NNW,56,4.19,1
910081,31.8,35.3,952.3,30.0,27.7,21714,0.5,2.0,1,337.5,NNW,57,4.18,1
913285,31.8,35.3,952.4,30.0,27.8,21723,0.4,1.7,1,327.6,NNW,57,4.18,1
916490,31.8,35.2,952.4,30.0,27.8,21669,0.4,1.7,1,345.3,NNW,59,4.18,1
919695,31.8,35.4,952.3,30.0,27.8,21713,0.3,1.4,1,75.7,ENE,60,4.18,1
922899,31.9,35.2,952.4,30.1,27.8,21698,0.3,1.4,1,55.8,NE,60,4.18,1
926106,31.9,35.4,952.4,30.1,27.8,21726,0.3,1.4,1,70.5,ENE,59,4.19,1
929310,31.9,35.3,952.4,30.1,27.8,21712,0.4,1.7,1,84.1,E,58,4.19,1
932515,31.9,35.5,952.4,30.1,27.8,21676,0.4,1.7,1,70.3,ENE,60,4.18,1
935719,31.9,35.2,952.4,30.1,27.8,21723,0.7,2.5,1,68.1,ENE,59,4.18,1
938924,31.9,35.5,952.4,30.1,27.8,21662,0.6,2.2,1,71.8,ENE,59,4.17,1
942128,31.9,35.4,952.3,30.1,27.8,21719,0.6,2.2,1,56.2,NE,58,4.17,1
945333,31.9,35.3,952.4,30.1,27.8,21701,0.6,2.2,1,66.9,ENE,58,4.19,1
948539,31.9,35.4,952.4,30.1,27.8,21735,0.6,2.2,1,64.4,ENE,56,4.19,1
951743,31.9,35.4,952.4,30.1,27.9,21708,0.6,2.2,1,77.7,ENE,60,4.19,1
954948,31.9,35.4,952.4,30.1,28.0,21747,0.7,2.8,1,87.0,E,61,4.18,1
958152,31.9,35.4,952.4,30.2,28.1,21736,0.7,2.5,1,74.8,ENE,60,4.18,1
961356,31.9,35.5,952.4,30.2,28.2,21714,0.7,2.5,1,60.3,ENE,58,4.19,1
964560,31.9,35.4,952.3,30.2,28.1,21758,0.7,2.8,1,78.1,ENE,60,4.19,1
967765,32.0,35.6,952.4,30.2,28.2,21719,0.7,2.8,1,70.0,ENE,60,4.19,1
970969,32.0,35.4,952.4,30.2,28.2,21745,0.7,2.8,1,105.5,ESE,61,4.18,1
974175,32.0,35.5,952.4,30.2,28.3,21727,0.9,3.4,1,66.4,ENE,60,4.18,1
977380,32.0,35.4,952.3,30.2,28.3,21775,0.9,3.4,1,95.4,E,59,4.19,1
980585,32.0,35.5,952.4,30.2,28.4,21733,1.0,3.6,1,66.4,ENE,57,4.19,1
983790,32.0,35.5,952.4,30.3,28.3,21779,1.0,3.9,1,83.1,E,60,4.18,1
986995,32.0,35.4,952.4,30.3,28.4,21771,1.0,3.9,1,81.2,E,60,4.19,1
990200,32.0,35.7,952.4,30.3,28.4,21733,1.0,3.9,1,85.4,E,59,4.18,1
993405,32.0,35.4,952.4,30.3,28.4,21703,0.8,3.1,1,84.8,E,60,4.19,1
996612,32.0,35.6,952.4,30.3,28.3,21760,0.8,3.1,1,7.4,N,60,4.18,1
999817,32.0,35.5,952.4,30.3,28.2,21727,0.7,2.5,1,311.1,NW,57,4.18,1
1003022,32.0,35.5,952.4,30.3,28.2,21739,0.7,2.5,1,71.5,ENE,59,4.18,1
1006227,32.0,35.5,952.4,30.3,28.1,21752,0.6,2.2,1,70.8,ENE,59,4.18,1
1009433,32.0,35.5,952.3,30.3,28.0,21735,0.7,2.8,1,94.5,E,59,4.18,1
1012638,32.0,35.6,952.4,30.4,28.1,21721,0.7,2.8,1,51.7,NE,57,4.18,1
1015843,32.0,35.6,952.3,30.4,28.1,21707,0.7,2.8,1,64.3,ENE,57,4.19,1
1019048,32.1,35.5,952.4,30.4,28.2,21740,0.7,2.8,1,69.6,ENE,59,4.18,1
1022255,32.1,35.6,952.3,30.4,28.3,21730,0.8,3.1,1,83.5,E,57,4.18,1
1025460,32.1,35.7,952.3,30.4,28.3,21778,0.8,3.1,1,84.8,E,58,4.18,1
1028665,32.1,35.6,952.3,30.4,28.3,21778,0.7,2.8,1,61.4,ENE,59,4.18,1
1031870,32.1,35.6,952.4,30.4,28.3,21778,0.7,2.5,1,325.1,NW,58,4.19,1
1035075,32.1,35.6,952.3,30.4,28.1,21759,0.7,2.5,1,304.9,NW,60,4.18,1
1038279,32.1,35.5,952.4,30.4,28.0,21752,0.5,2.0,1,287.4,WNW,59,4.18,1
1041484,32.1,35.6,952.4,30.5,27.9,21828,0.4,1.7,1,287.3,WNW,60,4.18,1
1044691,32.1,35.8,952.4,30.5,27.9,21778,0.4,1.7,1,282.8,WNW,59,4.18,1
1047896,32.1,35.5,952.4,30.5,27.8,21754,0.6,2.2,1,259.3,W,58,4.17,1
1051101,32.1,35.8,952.4,30.5,27.8,21784,0.6,2.2,1,273.8,W,57,4.18,1
1054305,32.1,35.7,952.4,30.5,27.9,21774,0.8,3.1,1,264.6,W,59,4.18,1
1057510,32.1,35.9,952.4,30.5,27.9,21763,1.0,3.6,1,220.6,SW,57,4.18,1
1060715,32.2,35.8,952.4,30.5,27.9,21770,1.0,3.6,1,166.7,SSE,60,4.19,1
1063920,32.2,35.7,952.4,30.5,28.0,21773,1.1,4.2,1,256.9,WSW,61,4.19,1
1067127,32.2,35.8,952.4,30.5,27.9,21773,1.0,3.6,1,239.3,WSW,58,4.18,1
1070332,32.2,35.8,952.4,30.5,27.7,21756,0.9,3.4,1,223.6,SW,59,4.19,1
1073536,32.2,35.7,952.4,30.5,27.6,21760,0.8,3.1,1,233.8,SW,59,4.18,1
1076741,32.2,35.8,952.4,30.5,27.6,21698,0.7,2.5,1,315.0,NW,60,4.19,1
1079946,32.2,35.6,952.4,30.5,27.5,21719,0.6,2.2,1,50.2,NE,59,4.19,1
1083150,32.2,35.7,952.4,30.6,27.4,21715,0.5,2.0,1,30.0,NNE,57,4.19,1
1086355,32.2,35.6,952.4,30.6,27.4,21696,0.5,2.0,1,332.1,NNW,58,4.19,1
1089560,32.2,35.8,952.4,30.6,27.5,21685,0.4,1.7,1,336.1,NNW,59,4.18,1
1092767,32.2,35.8,952.3,30.6,27.6,21697,0.4,1.7,1,7.1,N,60,4.19,1
1095972,32.2,35.9,952.4,30.6,27.6,21700,0.3,1.4,1,349.1,N,60,4.18,1
1099180,32.2,35.8,952.3,30.6,27.6,21728,0.3,1.4,1,247.7,WSW,58,4.18,1
1102385,32.2,36.0,952.4,30.6,27.6,21748,0.3,1.4,1,221.4,SW,60,4.18,1
1105590,32.2,35.7,952.4,30.6,27.7,21745,0.2,0.8,1,252.4,WSW,60,4.18,1
1108795,32.2,35.9,952.4,30.6,27.6,21732,0.2,0.8,1,345.9,NNW,57,4.19,1
1112000,32.2,35.8,952.4,30.6,27.6,21730,0.2,0.8,1,319.4,NW,60,4.19,1
1115207,32.3,36.1,952.4,30.6,27.7,21731,0.9,3.4,1,193.3,SSW,58,4.18,1
1118411,32.3,35.8,952.4,30.6,28.0,21713,1.4,5.3,1,258.1,WSW,60,4.19,1
1121615,32.3,35.9,952.5,30.6,27.8,21713,1.2,4.5,1,18.8,NNE,59,4.18,1
1124820,32.3,36.1,952.4,30.6,27.7,21708,1.1,4.2,1,178.6,S,58,4.17,1
1128025,32.3,35.9,952.4,30.6,27.6,21719,1.1,4.2,1,219.9,SW,60,4.18,1
1131229,32.3,36.1,952.4,30.7,27.3,21698,1.0,3.9,1,234.6,SW,60,4.19,1
1134433,32.3,36.0,952.4,30.7,27.2,21711,1.0,3.6,1,4.2,N,60,4.19,1
1137639,32.3,35.9,952.4,30.7,27.1,21702,0.7,2.5,1,165.1,SSE,61,4.18,1
1140843,32.3,36.1,952.4,30.7,27.0,21679,0.7,2.8,1,211.9,SSW,60,4.18,1
1144047,32.3,36.0,952.4,30.7,26.9,21667,0.7,2.5,1,4.5,N,59,4.19,1
1147252,32.3,36.0,952.4,30.7,26.8,21678,0.7,2.8,1,228.4,SW,60,4.18,1
1150456,32.3,36.1,952.4,30.7,26.7,21669,0.7,2.5,1,37.2,NE,60,4.19,1
1153660,32.3,35.9,952.4,30.7,26.8,21677,1.0,3.6,1,299.1,WNW,59,4.19,1
1156864,32.4,36.2,952.4,30.7,26.8,21665,0.9,3.4,1,223.5,SW,60,4.18,1
1160069,32.3,36.2,952.4,30.7,26.8,21666,1.0,3.6,1,296.8,WNW,61,4.17,1
1163275,32.4,36.1,952.4,30.7,26.7,21668,1.0,3.9,1,226.7,SW,56,4.18,1
1166482,32.4,36.2,952.4,30.7,26.7,21648,0.9,3.4,1,292.7,WNW,60,4.18,1
1169687,32.4,36.0,952.4,30.7,26.6,21685,0.7,2.8,1,32.0,NNE,57,4.19,1
1172892,32.4,35.9,952.4,30.7,26.5,21691,0.7,2.5,1,164.8,SSE,57,4.18,1
1176097,32.4,36.1,952.4,30.7,26.5,21708,0.6,2.2,1,264.4,W,57,4.19,1
1179302,32.4,36.1,952.3,30.7,26.3,21691,0.5,2.0,1,264.2,W,59,4.19,1
1182506,32.4,36.0,952.3,30.7,26.2,21708,0.7,2.8,1,287.4,WNW,61,4.18,1
1185713,32.4,35.8,952.4,30.7,26.0,21697,0.7,2.8,1,268.6,W,57,4.18,1
1188917,32.4,36.0,952.4,30.7,26.1,21705,1.0,3.6,1,124.7,SE,61,4.17,1
1192122,32.4,36.0,952.3,30.7,26.4,21697,1.0,3.6,1,276.6,W,60,4.18,1
1195327,32.4,36.0,952.4,30.7,26.4,21708,1.0,3.6,1,256.4,WSW,58,4.19,1
1198532,32.4,36.1,952.4,30.7,26.5,21704,1.4,5.3,1,195.8,SSW,60,4.18,1
1201736,32.4,35.9,952.4,30.7,26.7,21703,1.4,5.3,1,294.4,WNW,59,4.19,1
1204941,32.4,35.9,952.4,30.7,26.6,21674,1.3,4.8,1,305.5,NW,60,4.20,1
1208148,32.4,36.0,952.3,30.7,26.5,21667,1.1,4.2,1,30.0,NNE,60,4.19,1
1211352,32.4,36.2,952.4,30.7,26.4,21663,1.1,4.2,1,148.5,SSE,61,4.18,1
1214557,32.4,35.9,952.4,30.7,26.3,21653,1.0,3.6,1,268.3,W,60,4.18,1
1217761,32.4,36.0,952.4,30.7,26.3,21639,1.0,3.6,1,110.0,ESE,58,4.18,1
1220966,32.4,36.1,952.4,30.7,26.3,21651,0.8,3.1,1,310.0,NW,60,4.19,1
1224171,32.4,36.3,952.4,30.7,26.3,21603,0.7,2.8,1,43.9,NE,60,4.18,1
1227376,32.4,36.3,952.4,30.7,26.4,21637,0.7,2.8,1,82.2,E,60,4.19,1
1230581,32.4,36.0,952.4,30.7,26.4,21640,0.8,3.1,1,86.0,E,60,4.18,1
1233788,32.4,35.9,952.3,30.7,26.6,21617,0.7,2.8,1,37.0,NE,57,4.19,1
1236992,32.4,36.2,952.4,30.7,26.6,21609,0.7,2.5,1,344.1,NNW,60,4.19,1
1240197,32.4,36.4,952.4,30.7,26.6,21566,0.7,2.5,1,291.4,WNW,57,4.19,1
1243402,32.4,36.2,952.5,30.7,26.6,21585,0.5,2.0,1,315.7,NW,57,4.19,1
1246609,32.4,36.0,952.4,30.7,26.6,21558,0.4,1.7,1,64.5,ENE,58,4.17,1
1249813,32.4,36.1,952.4,30.7,26.6,21591,0.4,1.7,1,128.0,SE,59,4.19,1
1253018,32.4,36.1,952.4,30.7,26.7,21565,1.1,4.2,1,211.2,SSW,59,4.19,1
1256225,32.4,36.5,952.4,30.7,26.6,21562,1.3,4.8,1,322.3,NW,60,4.17,1
1259430,32.4,36.2,952.4,30.7,26.6,21563,1.2,4.5,1,252.7,WSW,60,4.18,1
1262634,32.4,36.4,952.4,30.7,26.3,21583,1.1,4.2,1,292.8,WNW,58,4.17,1
1265839,32.4,36.3,952.3,30.7,26.2,21552,0.9,3.4,1,330.9,NNW,59,4.18,1
1269044,32.4,36.5,952.4,30.7,26.2,21568,0.8,3.1,1,342.7,NNW,60,4.19,1
1272249,32.4,36.2,952.3,30.7,26.2,21579,0.7,2.5,1,348.4,NNW,59,4.18,1
1275454,32.4,36.5,952.4,30.7,26.2,21538,0.6,2.2,1,348.9,N,60,4.18,1
1278661,32.4,36.3,952.4,30.7,26.3,21587,0.6,2.2,1,53.2,NE,57,4.19,1
1281866,32.4,36.1,952.4,30.7,26.2,21588,0.3,1.4,1,79.5,E,61,4.18,1
1285071,32.4,36.1,952.4,30.7,26.3,21561,0.3,1.4,1,44.0,NE,59,4.19,1
1288275,32.4,36.2,952.3,30.7,26.4,21533,0.3,1.4,1,81.3,E,59,4.18,1
1291480,32.4,36.4,952.4,30.7,26.5,21544,0.4,1.7,1,34.6,NE,58,4.18,1
1294684,32.4,36.3,952.4,30.7,26.6,21563,0.3,1.4,1,29.2,NNE,60,4.19,1
1297888,32.4,36.3,952.4,30.7,26.6,21558,0.3,1.1,1,73.6,ENE,61,4.19,1
1301093,32.5,36.1,952.4,30.7,26.6,21568,0.3,1.1,1,63.2,ENE,58,4.18,1
1304300,32.5,36.4,952.4,30.8,26.7,21544,0.4,1.7,1,251.5,WSW,59,4.18,1
1307504,32.5,36.3,952.4,30.8,26.7,21557,0.5,2.0,1,247.8,WSW,60,4.18,1
1310708,32.5,36.3,952.3,30.8,26.6,21533,0.4,1.7,1,10.9,N,55,4.19,1
1313912,32.5,36.3,952.3,30.8,26.5,21556,0.4,1.7,1,154.4,SSE,60,4.18,1
1317116,32.5,36.4,952.4,30.8,26.5,21558,0.3,1.4,1,76.3,ENE,59,4.19,1
1320320,32.5,36.4,952.5,30.8,26.6,21525,0.3,1.4,1,302.0,WNW,59,4.19,1
1323524,32.5,36.4,952.4,30.8,26.6,21532,0.3,1.1,1,263.4,W,59,4.18,1
1326730,32.5,36.7,952.3,30.8,26.6,21517,0.1,0.6,0,327.4,NNW,62,4.19,1
1329934,32.5,36.3,952.4,30.8,26.6,21544,0.0,0.3,0,64.3,ENE,58,4.19,1
1333138,32.5,36.4,952.4,30.8,26.6,21518,0.1,0.6,0,137.7,SE,58,4.18,1
1336345,32.5,36.5,952.4,30.8,26.6,21507,0.3,1.1,1,5.1,N,58,4.18,1
1339550,32.5,36.3,952.4,30.8,26.6,21523,0.6,2.2,1,219.7,SW,57,4.19,1
1342754,32.5,36.5,952.4,30.8,26.6,21521,0.6,2.2,1,161.0,SSE,60,4.18,1
1345958,32.5,36.5,952.4,30.9,26.6,21506,0.5,2.0,1,75.1,ENE,61,4.18,1
1349164,32.5,36.2,952.4,30.9,26.6,21506,0.4,1.7,1,12.1,NNE,57,4.19,1
1352369,32.6,36.3,952.5,30.9,26.6,21473,0.3,1.4,1,34.0,NE,60,4.18,1
1355573,32.6,36.5,952.4,30.9,26.5,21478,0.3,1.4,1,49.4,NE,58,4.19,1
1358778,32.6,36.3,952.4,30.9,26.5,21463,0.2,0.8,1,45.8,NE,58,4.18,1
1361982,32.6,36.5,952.5,30.9,26.4,21450,0.2,0.8,1,318.0,NW,60,4.19,1
1365187,32.6,36.6,952.4,30.9,26.3,21425,0.3,1.1,1,234.9,SW,60,4.19,1
1368392,32.6,36.6,952.4,30.9,26.3,21406,0.5,2.0,1,290.8,WNW,58,4.17,1
1371595,32.6,36.3,952.4,30.9,26.3,21389,0.6,2.2,1,281.0,W,59,4.19,1
1374800,32.6,36.6,952.4,30.9,26.2,21366,0.6,2.2,1,336.1,NNW,60,4.19,1
1378005,32.6,36.6,952.3,30.9,26.2,21340,0.5,2.0,1,291.8,WNW,59,4.19,1
1381209,32.6,36.6,952.4,30.9,26.2,21332,0.5,2.0,1,306.7,NW,59,4.18,1
1384414,32.6,36.5,952.4,30.9,26.3,21325,0.4,1.7,1,317.4,NW,54,4.18,1
1387619,32.6,36.6,952.3,30.9,26.3,21303,0.4,1.7,1,288.8,WNW,58,4.18,1
1390824,32.6,36.6,952.4,30.9,26.3,21334,0.3,1.1,1,289.8,WNW,60,4.18,1
1394029,32.6,36.5,952.4,30.9,26.3,21294,0.3,1.1,1,291.5,WNW,61,4.19,1
1397236,32.6,36.8,952.4,30.9,26.3,21288,0.3,1.4,1,302.2,WNW,61,4.18,1
1400441,32.7,36.5,952.4,30.9,26.3,21286,0.2,0.8,1,309.7,NW,61,4.19,1
1403645,32.7,36.8,952.4,30.9,26.3,21274,0.3,1.1,1,320.7,NW,60,4.19,1
1406850,32.7,36.5,952.4,30.9,26.3,21290,0.3,1.1,1,316.2,NW,60,4.19,1
1410055,32.7,36.7,952.3,30.9,26.3,21274,0.0,0.3,0,338.5,NNW,58,4.18,1
1413260,32.7,36.6,952.4,30.9,26.3,21308,0.0,0.0,0,339.3,NNW,60,4.19,1
1416465,32.7,36.6,952.3,30.9,26.3,21285,0.0,0.0,0,351.3,N,62,4.19,1
1419672,32.7,36.4,952.4,30.9,26.4,21277,0.0,0.0,0,344.8,NNW,58,4.19,1
1422877,32.7,36.7,952.3,30.9,26.4,21278,0.0,0.0,0,344.4,NNW,61,4.19,1
1426082,32.7,36.6,952.4,30.9,26.5,21268,0.0,0.0,0,344.7,NNW,57,4.18,1
1429286,32.7,36.4,952.4,30.9,26.5,21256,0.0,0.0,0,345.1,NNW,57,4.18,1
1432490,32.7,36.6,952.3,30.9,26.6,21258,0.0,0.0,0,345.3,NNW,59,4.19,1
1435695,32.7,36.6,952.4,30.9,26.7,21249,0.0,0.0,0,344.1,NNW,60,4.18,1
1438900,32.7,36.5,952.4,31.0,26.7,21248,0.0,0.0,0,296.2,WNW,59,4.18,1
1442107,32.7,36.4,952.4,31.0,26.7,21266,0.0,0.0,0,314.4,NW,59,4.18,1
1445312,32.7,36.9,952.3,31.0,26.7,21221,0.0,0.0,0,356.4,N,60,4.18,1
1448517,32.7,36.6,952.4,31.0,26.7,21227,0.0,0.0,0,345.6,NNW,60,4.19,1
1451721,32.7,36.4,952.3,31.0,26.7,21213,0.0,0.0,0,357.4,N,57,4.19,1
1454926,32.8,36.5,952.4,31.0,26.7,21198,0.0,0.0,0,305.0,NW,59,4.19,1
1458131,32.8,36.4,952.4,31.0,26.7,21198,0.0,0.0,0,244.9,WSW,60,4.18,1
1461336,32.8,36.4,952.4,31.0,26.7,21191,0.0,0.3,0,255.5,WSW,58,4.19,1
1464540,32.8,36.5,952.4,31.0,26.6,21183,0.3,1.1,1,256.1,WSW,57,4.19,1
1467747,32.8,36.7,952.3,31.0,26.5,21192,0.4,1.7,1,266.0,W,61,4.18,1
1470952,32.8,36.8,952.4,31.0,26.8,21182,1.7,6.2,2,287.4,WNW,59,4.19,1
1474157,32.8,36.6,952.4,31.0,27.0,21168,1.3,4.8,1,326.0,NW,58,4.18,1
1477362,32.8,36.5,952.3,31.0,26.8,21179,1.0,3.6,1,135.5,SE,60,4.17,1
1480567,32.8,36.5,952.4,31.0,26.5,21153,0.9,3.4,1,231.7,SW,60,4.18,1
1483775,32.8,36.9,952.4,31.0,26.3,21185,0.7,2.8,1,211.5,SSW,60,4.19,1
1486980,32.8,36.5,952.4,31.0,26.3,21157,0.7,2.8,1,262.4,W,59,4.17,1
1490186,32.8,36.5,952.4,31.0,26.3,21170,0.8,3.1,1,301.0,WNW,59,4.19,1
1493390,32.8,36.6,952.4,31.0,26.4,21153,1.1,4.2,1,233.6,SW,58,4.17,1
1496594,32.8,36.7,952.4,31.0,26.6,21158,1.4,5.0,1,177.8,S,60,4.19,1
1499798,32.9,36.6,952.3,31.1,26.5,21183,1.0,3.6,1,256.5,WSW,60,4.18,1
1503002,32.9,36.8,952.4,31.1,26.4,21169,0.7,2.8,1,273.4,W,61,4.18,1
1506206,32.9,36.9,952.4,31.1,26.4,21171,0.7,2.5,1,264.9,W,57,4.19,1
1509410,32.9,36.9,952.4,31.1,26.4,21170,0.7,2.5,1,69.5,ENE,59,4.18,1
1512629,32.9,36.6,952.4,31.1,26.4,21153,0.7,2.5,1,356.4,N,60,4.18,1
1515836,32.9,36.9,952.3,31.1,26.4,21098,0.6,2.2,1,321.4,NW,59,4.18,1
1519043,32.9,36.7,952.4,31.1,26.4,21098,0.4,1.7,1,9.1,N,61,4.18,1
1522250,32.9,37.0,952.4,31.1,26.3,21100,0.3,1.4,1,28.6,NNE,59,4.19,1
1525458,32.9,36.9,952.4,31.1,26.3,21073,0.3,1.1,1,320.5,NW,60,4.17,1
1528664,32.9,36.5,952.4,31.1,26.3,21051,0.2,0.8,1,230.9,SW,62,4.18,1
1531871,32.9,36.9,952.4,31.1,26.2,21024,0.2,0.8,1,227.9,SW,59,4.18,1
1535078,32.9,37.0,952.4,31.1,26.2,21039,0.1,0.6,0,7.8,N,57,4.18,1
1538287,32.9,36.6,952.3,31.1,26.2,21013,0.3,1.1,1,13.4,NNE,60,4.18,1
1541496,32.9,36.6,952.4,31.1,26.2,21033,0.6,2.2,1,317.6,NW,59,4.18,1
1544703,32.9,36.5,952.4,31.1,26.2,21070,0.7,2.5,1,342.6,NNW,57,4.18,1
1547910,32.9,36.6,952.4,31.1,26.2,21039,0.6,2.2,1,302.2,WNW,57,4.18,1
1551117,32.9,36.6,952.4,31.1,26.2,21031,0.5,2.0,1,319.5,NW,59,4.19,1
1554324,33.0,36.6,952.4,31.1,26.2,21004,0.5,2.0,1,298.2,WNW,60,4.18,1
1557531,33.0,36.6,952.3,31.1,26.3,21021,0.7,2.8,1,313.8,NW,60,4.18,1
1560741,33.0,36.6,952.4,31.1,26.2,21068,0.7,2.8,1,309.5,NW,57,4.18,1
1563947,33.0,36.8,952.3,31.1,26.2,21074,0.8,3.1,1,324.3,NW,57,4.18,1
1567154,33.0,36.9,952.4,31.1,26.2,21071,0.7,2.5,1,323.8,NW,61,4.19,1
1570361,33.0,36.7,952.4,31.1,26.2,21127,0.6,2.2,1,337.3,NNW,60,4.19,1
1573568,33.0,36.7,952.4,31.1,26.2,21144,0.6,2.2,1,35.0,NE,60,4.18,1
1576775,33.0,36.8,952.3,31.1,26.3,21212,0.5,2.0,1,353.0,N,60,4.18,1
1579982,33.0,36.6,952.4,31.1,26.3,21217,0.3,1.4,1,309.6,NW,60,4.19,1
1583191,33.0,36.8,952.4,31.1,26.3,21227,0.3,1.4,1,297.8,WNW,58,4.18,1
1586398,33.0,36.9,952.4,31.1,26.3,21198,0.3,1.4,1,314.9,NW,60,4.18,1
1589606,33.0,36.8,952.3,31.1,26.4,21213,0.3,1.1,1,313.9,NW,60,4.19,1
1592812,33.0,37.0,952.4,31.1,26.4,21228,0.3,1.1,1,306.2,NW,61,4.18,1
1596019,33.0,36.6,952.3,31.1,26.5,21205,0.2,0.8,1,344.2,NNW,58,4.18,1
1599226,33.0,36.9,952.3,31.1,26.5,21203,0.1,0.6,0,18.1,NNE,59,4.18,1
1602433,33.0,37.1,952.4,31.1,26.5,21208,0.2,0.8,1,316.5,NW,61,4.19,1
1605642,33.0,36.9,952.4,31.1,26.5,21210,0.3,1.4,1,276.3,W,59,4.18,1
1608849,33.0,37.1,952.4,31.1,26.4,21206,0.5,2.0,1,283.8,WNW,60,4.19,1
1612056,33.0,36.8,952.4,31.1,26.4,21156,0.5,2.0,1,281.1,W,60,4.19,1
1615263,33.0,36.7,952.4,31.1,26.4,21140,0.4,1.7,1,293.5,WNW,58,4.18,1
1618470,33.0,37.1,952.4,31.1,26.5,21117,0.4,1.7,1,299.7,WNW,60,4.19,1
1621677,33.0,37.1,952.4,31.1,26.6,21116,0.8,3.1,1,333.7,NNW,59,4.19,1
1624884,33.0,36.9,952.4,31.1,26.5,21120,0.8,3.1,1,280.4,W,59,4.19,1
1628091,33.1,36.9,952.5,31.1,26.4,21119,0.8,3.1,1,333.5,NNW,60,4.19,1
1631300,33.1,36.8,952.4,31.1,26.4,21087,0.7,2.8,1,312.3,NW,59,4.19,1
1634507,33.1,36.7,952.4,31.1,26.5,21076,0.6,2.2,1,321.1,NW,60,4.19,1
1637714,33.1,37.2,952.4,31.1,26.5,21067,0.5,2.0,1,300.3,WNW,58,4.19,1
1640921,33.1,37.1,952.4,31.1,26.6,21032,0.4,1.7,1,298.8,WNW,62,4.17,1
1644128,33.1,37.1,952.4,31.1,26.6,21013,0.4,1.7,1,273.1,W,59,4.19,1
1647335,33.1,37.3,952.4,31.1,26.7,21006,0.4,1.7,1,292.3,WNW,59,4.19,1
1650542,33.1,37.2,952.5,31.1,26.7,21008,0.3,1.4,1,304.5,NW,60,4.18,1
1653752,33.1,36.8,952.4,31.1,26.6,21003,0.3,1.4,1,280.8,W,57,4.19,1
1656958,33.1,37.2,952.5,31.1,26.6,21006,0.4,1.7,1,247.6,WSW,59,4.18,1
1660165,33.1,37.2,952.4,31.1,26.7,21035,0.6,2.2,1,287.7,WNW,58,4.19,1
1663372,33.1,36.9,952.4,31.1,26.8,21085,0.6,2.2,1,259.2,W,60,4.19,1
1666579,33.1,37.2,952.4,31.1,26.8,21073,0.6,2.2,1,258.0,WSW,61,4.19,1
1669786,33.1,37.1,952.5,31.1,26.7,21073,0.5,2.0,1,13.3,NNE,60,4.19,1
1672993,33.1,36.8,952.4,31.1,26.6,21099,0.4,1.7,1,350.1,N,58,4.18,1
1676202,33.1,37.3,952.4,31.1,26.7,21083,0.3,1.4,1,288.4,WNW,57,4.18,1
1679409,33.1,37.2,952.4,31.1,26.8,21107,0.3,1.4,1,318.6,NW,59,4.18,1
1682616,33.1,36.9,952.3,31.1,26.8,21078,0.2,0.8,1,357.2,N,60,4.18,1
1685823,33.1,36.8,952.3,31.1,26.9,21058,0.2,0.8,1,0.4,N,61,4.18,1
1689030,33.1,37.3,952.3,31.1,26.9,21088,0.2,0.8,1,34.1,NE,60,4.18,1
1692237,33.1,37.1,952.4,31.2,26.9,21099,0.1,0.6,0,29.3,NNE,62,4.18,1
1695444,33.1,37.2,952.4,31.2,26.9,21063,0.0,0.3,0,10.4,N,60,4.19,1
1698651,33.2,37.1,952.4,31.2,26.9,21055,0.1,0.6,0,19.9,NNE,61,4.18,1
1701860,33.2,37.2,952.3,31.2,26.8,21088,0.0,0.3,0,18.9,NNE,60,4.19,1
1705067,33.2,37.3,952.3,31.2,26.7,21085,0.0,0.3,0,11.1,N,58,4.18,1
1708274,33.2,37.3,952.4,31.2,26.6,21115,0.0,0.3,0,3.6,N,60,4.18,1
1711481,33.2,37.3,952.4,31.2,26.5,21139,0.0,0.0,0,24.0,NNE,61,4.18,1
1714688,33.2,37.3,952.3,31.2,26.6,21183,0.0,0.0,0,64.4,ENE,61,4.17,1
1717895,33.2,36.9,952.3,31.2,26.7,21186,0.0,0.3,0,58.5,ENE,60,4.19,1
1721102,33.2,36.9,952.3,31.2,26.7,21185,0.1,0.6,0,57.5,ENE,59,4.18,1
1724311,33.2,37.0,952.3,31.2,26.7,21205,0.1,0.6,0,39.9,NE,58,4.19,1
1727518,33.2,37.2,952.4,31.2,26.7,21244,0.1,0.6,0,352.5,N,62,4.18,1
1730725,33.2,37.0,952.4,31.2,26.7,21208,0.0,0.3,0,348.8,N,58,4.18,1
1733932,33.2,37.3,952.3,31.2,26.7,21256,0.0,0.0,0,344.1,NNW,59,4.19,1
1737139,33.2,36.9,952.3,31.3,26.7,21248,0.0,0.0,0,341.8,NNW,62,4.18,1
1740347,33.2,37.3,952.4,31.3,26.6,21254,0.1,0.6,0,265.7,W,59,4.18,1
1743553,33.2,37.0,952.3,31.3,26.7,21259,0.3,1.1,1,207.9,SSW,58,4.19,1
1746762,33.3,37.2,952.4,31.3,26.9,21261,0.5,2.0,1,241.6,WSW,62,4.19,1
1749969,33.3,37.1,952.3,31.3,26.9,21248,0.6,2.2,1,276.5,W,58,4.18,1
1753176,33.3,37.3,952.3,31.3,27.1,21250,1.4,5.0,1,288.0,WNW,60,4.19,1
1756383,33.3,37.0,952.4,31.3,27.1,21230,1.5,5.6,2,247.4,WSW,59,4.18,1
1759590,33.3,37.1,952.3,31.3,26.9,21218,1.4,5.3,1,295.2,WNW,58,4.17,1
1762797,33.3,37.2,952.3,31.3,26.8,21248,1.4,5.0,1,285.4,WNW,60,4.17,1
1766004,33.3,37.3,952.3,31.3,26.8,21228,1.2,4.5,1,227.3,SW,59,4.19,1
1769211,33.3,37.3,952.3,31.3,26.8,21245,1.0,3.9,1,273.5,W,60,4.18,1
1772420,33.3,37.4,952.3,31.3,26.7,21275,1.0,3.9,1,238.1,WSW,61,4.19,1
1775627,33.3,37.0,952.3,31.3,26.7,21270,1.0,3.6,1,149.2,SSE,62,4.19,1
1778834,33.3,37.3,952.3,31.3,26.5,21274,1.0,3.9,1,326.9,NNW,59,4.18,1
1782041,33.3,36.9,952.4,31.3,26.4,21258,0.9,3.4,1,233.2,SW,61,4.19,1
1785248,33.3,37.3,952.3,31.3,26.3,21234,0.8,3.1,1,339.5,NNW,62,4.19,1
1788455,33.3,37.4,952.3,31.3,26.3,21251,0.7,2.8,1,298.5,WNW,59,4.19,1
1791662,33.3,37.3,952.3,31.3,26.2,21254,0.8,3.1,1,264.9,W,59,4.18,1
1794871,33.3,36.9,952.3,31.3,26.2,21273,0.7,2.8,1,308.0,NW,59,4.18,1
1798078,33.3,37.3,952.2,31.3,26.2,21267,0.7,2.8,1,213.9,SW,60,4.18,1
1801285,33.3,37.4,952.3,31.3,26.4,21283,1.0,3.9,1,232.4,SW,57,4.18,1
1804492,33.3,37.3,952.3,31.3,26.3,21304,1.1,4.2,1,275.8,W,58,4.18,1
1807699,33.3,37.4,952.4,31.3,26.2,21316,1.6,5.9,2,281.8,WNW,55,4.18,1
1810906,33.3,37.4,952.3,31.3,26.2,21345,1.4,5.0,1,262.0,W,59,4.19,1
1814113,33.3,37.4,952.3,31.3,26.2,21374,1.4,5.3,1,168.4,SSE,60,4.19,1
1817322,33.3,37.0,952.3,31.3,26.3,21345,1.4,5.3,1,333.9,NNW,57,4.18,1
1820529,33.3,37.1,952.3,31.3,26.3,21346,1.4,5.3,1,282.5,WNW,60,4.19,1
1823736,33.3,37.1,952.4,31.3,26.2,21363,1.4,5.0,1,54.6,NE,59,4.19,1
1826943,33.3,37.1,952.3,31.3,26.1,21338,1.2,4.5,1,253.6,WSW,58,4.18,1
1830150,33.3,37.5,952.4,31.3,26.2,21340,1.0,3.9,1,15.7,NNE,62,4.18,1
1833357,33.3,37.4,952.3,31.3,26.2,21354,0.9,3.4,1,323.3,NW,60,4.18,1
1836564,33.3,37.5,952.3,31.3,26.1,21324,0.8,3.1,1,33.4,NNE,61,4.19,1
1839771,33.3,37.4,952.3,31.3,26.1,21346,0.7,2.8,1,58.5,ENE,61,4.18,1
1842980,33.3,37.6,952.3,31.2,26.0,21343,0.7,2.5,1,57.6,ENE,60,4.18,1
1846187,33.3,37.1,952.3,31.2,26.0,21317,0.6,2.2,1,14.4,NNE,57,4.18,1
1849394,33.3,37.5,952.2,31.2,26.1,21319,0.6,2.2,1,46.5,NE,62,4.18,1
1852601,33.3,37.5,952.3,31.2,26.1,21259,0.4,1.7,1,79.5,E,62,4.18,1
1855809,33.3,37.4,952.2,31.2,26.2,21288,0.4,1.7,1,47.8,NE,59,4.18,1
1859015,33.3,37.6,952.3,31.2,26.2,21268,0.3,1.4,1,48.0,NE,62,4.18,1
1862222,33.3,37.1,952.3,31.2,26.2,21258,0.2,0.8,1,39.4,NE,60,4.19,1
1865431,33.3,37.7,952.3,31.2,26.2,21260,0.2,0.8,1,355.4,N,59,4.19,1
1868638,33.3,37.5,952.3,31.2,26.3,21272,0.2,0.8,1,307.0,NW,59,4.18,1
1871845,33.3,37.5,952.3,31.2,26.3,21244,0.1,0.6,0,5.7,N,62,4.19,1
1875052,33.3,37.6,952.3,31.2,26.3,21240,0.0,0.3,0,106.2,ESE,57,4.18,1
1878259,33.3,37.5,952.4,31.3,26.3,21227,0.0,0.3,0,129.0,SE,57,4.18,1
1881467,33.3,37.2,952.3,31.3,26.3,21188,0.0,0.3,0,81.1,E,61,4.18,1
1884673,33.3,37.6,952.3,31.3,26.4,21217,0.0,0.3,0,76.4,ENE,61,4.19,1
1887882,33.3,37.7,952.3,31.3,26.4,21200,0.0,0.3,0,85.2,E,59,4.19,1
1891089,33.3,37.5,952.3,31.3,26.3,21200,0.1,0.6,0,293.4,WNW,62,4.18,1
1894296,33.3,37.6,952.3,31.3,26.4,21208,0.2,0.8,1,149.5,SSE,60,4.17,1
1897503,33.3,37.7,952.3,31.3,26.6,21218,0.2,0.8,1,228.9,SW,59,4.18,1
1900710,33.3,37.6,952.3,31.3,26.7,21197,0.2,0.8,1,336.9,NNW,58,4.18,1
1903917,33.3,37.7,952.3,31.3,26.7,21172,0.3,1.1,1,345.0,NNW,62,4.19,1
1907125,33.3,37.6,952.3,31.3,26.7,21148,0.3,1.1,1,253.9,WSW,59,4.18,1
1910331,33.3,37.7,952.3,31.3,26.7,21146,0.3,1.1,1,248.8,WSW,60,4.19,1
1913540,33.3,37.7,952.3,31.3,26.5,21149,0.3,1.1,1,22.1,NNE,60,4.18,1
1916747,33.3,37.7,952.2,31.3,26.4,21099,0.3,1.1,1,108.9,ESE,59,4.18,1
1919956,33.3,37.7,952.3,31.3,26.4,21117,0.2,0.8,1,120.8,ESE,61,4.19,1
1923163,33.3,37.6,952.2,31.3,26.4,21118,0.0,0.3,0,73.5,ENE,57,4.18,1
1926370,33.3,37.6,952.4,31.3,26.5,21123,0.0,0.0,0,330.1,NNW,62,4.19,1
1929577,33.3,37.6,952.3,31.3,26.5,21111,0.0,0.0,0,286.4,WNW,57,4.18,1
1932784,33.4,37.6,952.3,31.3,26.5,21114,0.0,0.3,0,320.6,NW,61,4.18,1
1935993,33.4,37.7,952.3,31.3,26.6,21166,0.0,0.3,0,6.5,N,62,4.18,1
1939200,33.4,37.5,952.3,31.3,26.6,21134,0.0,0.0,0,27.2,NNE,55,4.19,1
1942407,33.4,37.7,952.3,31.3,26.7,21164,0.0,0.0,0,13.4,NNE,61,4.18,1
1945614,33.4,37.4,952.3,31.3,26.7,21131,0.0,0.0,0,335.7,NNW,61,4.18,1
1948821,33.4,37.7,952.3,31.3,26.8,21142,0.0,0.0,0,306.3,NW,59,4.19,1
1952028,33.4,37.7,952.3,31.4,26.9,21148,0.0,0.0,0,291.5,WNW,60,4.18,1
1955235,33.4,37.7,952.3,31.4,27.0,21107,0.0,0.0,0,303.0,WNW,56,4.18,1
1958444,33.4,37.5,952.3,31.4,27.1,21113,0.0,0.0,0,301.6,WNW,56,4.18,1
1961651,33.4,37.8,952.3,31.4,27.1,21119,0.0,0.0,0,301.5,WNW,61,4.18,1
1964858,33.4,37.8,952.4,31.4,27.1,21170,0.0,0.3,0,262.0,W,59,4.18,1
1968065,33.4,37.7,952.3,31.4,27.1,21146,0.0,0.3,0,88.6,E,60,4.19,1
1971272,33.4,37.9,952.3,31.4,27.1,21161,0.1,0.6,0,345.5,NNW,60,4.19,1
1974479,33.4,37.4,952.3,31.4,27.2,21156,0.1,0.6,0,99.7,E,55,4.18,1
1977686,33.4,37.8,952.3,31.4,27.2,21180,0.0,0.3,0,107.4,ESE,62,4.19,1
1980893,33.5,37.8,952.3,31.4,27.3,21152,0.0,0.0,0,110.9,ESE,60,4.19,1
1984102,33.5,37.9,952.3,31.4,27.2,21142,0.0,0.0,0,185.1,S,59,4.18,1
1987309,33.5,37.3,952.3,31.4,27.2,21168,0.0,0.0,0,337.1,NNW,60,4.18,1
1990516,33.5,37.7,952.3,31.5,27.2,21195,0.0,0.3,0,341.9,NNW,57,4.19,1
1993723,33.5,37.9,952.3,31.5,27.2,21205,0.0,0.3,0,243.3,WSW,62,4.19,1
1996930,33.5,37.5,952.3,31.5,27.1,21168,0.0,0.3,0,281.1,W,60,4.19,1
2000137,33.5,37.3,952.2,31.5,27.1,21190,0.0,0.0,0,26.1,NNE,59,4.18,1
2003344,33.5,37.4,952.2,31.5,27.1,21205,0.0,0.0,0,55.5,NE,59,4.19,1
2006553,33.5,37.7,952.3,31.5,27.2,21190,0.0,0.0,0,34.4,NE,58,4.19,1
2009760,33.5,37.5,952.3,31.5,27.2,21171,0.0,0.0,0,344.2,NNW,59,4.19,1
2012967,33.5,37.6,952.3,31.5,27.2,21175,0.0,0.0,0,327.2,NNW,60,4.18,1
2016174,33.5,37.5,952.2,31.5,27.2,21178,0.0,0.0,0,327.8,NNW,62,4.19,1
2019381,33.5,37.5,952.3,31.5,27.2,21189,0.0,0.0,0,293.5,WNW,59,4.17,1
2022588,33.5,37.7,952.3,31.5,27.2,21168,0.0,0.0,0,240.4,WSW,59,4.19,1
2025795,33.6,37.5,952.3,31.5,27.1,21142,0.0,0.0,0,317.3,NW,59,4.18,1
2029004,33.6,37.6,952.3,31.5,27.1,21130,0.0,0.0,0,13.3,NNE,61,4.18,1
2032211,33.6,37.3,952.3,31.5,27.1,21108,0.0,0.0,0,306.7,NW,59,4.19,1
2035418,33.6,37.3,952.3,31.6,27.1,21083,0.0,0.0,0,243.5,WSW,61,4.18,1
2038625,33.6,37.5,952.3,31.6,27.1,21087,0.0,0.0,0,279.6,W,59,4.19,1
2041832,33.6,37.6,952.3,31.6,27.1,21037,0.0,0.0,0,328.2,NNW,63,4.19,1
2045039,33.6,37.5,952.3,31.6,27.1,21075,0.0,0.0,0,327.4,NNW,59,4.18,1
2048247,33.6,37.5,952.3,31.6,27.1,21103,0.0,0.3,0,295.5,WNW,62,4.19,1
2051455,33.6,37.5,952.3,31.6,27.1,21111,0.0,0.0,0,296.4,WNW,59,4.19,1
2054662,33.6,37.8,952.3,31.6,27.1,21117,0.0,0.0,0,298.5,WNW,59,4.18,1
2057869,33.6,37.5,952.3,31.6,27.0,21085,0.0,0.3,0,212.0,SSW,61,4.19,1
2061076,33.6,37.5,952.3,31.6,26.9,21101,0.2,0.8,1,316.7,NW,60,4.18,1
2064283,33.7,37.9,952.3,31.6,26.9,21108,0.2,0.8,1,3.9,N,60,4.19,1
2067490,33.7,37.5,952.3,31.6,26.9,21088,0.2,0.8,1,289.2,WNW,60,4.18,1
2070697,33.7,37.4,952.3,31.6,27.0,21095,0.2,0.8,1,249.7,WSW,59,4.18,1
2073905,33.7,37.5,952.3,31.6,26.9,21088,0.2,0.8,1,250.7,WSW,60,4.18,1
2077113,33.7,37.4,952.3,31.6,26.9,21061,0.1,0.6,0,317.1,NW,62,4.18,1
2080320,33.7,37.7,952.3,31.6,26.9,21058,0.0,0.3,0,59.9,ENE,61,4.18,1
2083528,33.7,37.6,952.3,31.6,26.9,21058,0.0,0.3,0,49.5,NE,62,4.19,1
2086734,33.7,37.3,952.3,31.6,27.0,21022,0.1,0.6,0,336.8,NNW,60,4.19,1
2089941,33.7,37.4,952.3,31.6,27.1,21001,0.0,0.3,0,355.3,N,60,4.17,1
2093148,33.7,37.8,952.3,31.6,27.1,21002,0.0,0.0,0,98.0,E,62,4.19,1
2096355,33.7,37.6,952.3,31.6,27.2,20989,0.0,0.0,0,126.1,SE,60,4.19,1
2099564,33.7,37.9,952.3,31.6,27.2,20973,0.0,0.0,0,29.7,NNE,61,4.18,1
2102771,33.7,37.6,952.3,31.7,27.3,20982,0.0,0.0,0,274.3,W,60,4.19,1
2105978,33.7,37.4,952.3,31.7,27.3,20975,0.0,0.0,0,178.0,S,60,4.19,1
2109185,33.8,37.6,952.3,31.7,27.4,21013,0.0,0.0,0,11.9,NNE,58,4.18,1
2112392,33.8,38.1,952.3,31.7,27.4,20969,0.0,0.3,0,281.6,WNW,59,4.18,1
2115599,33.8,37.7,952.3,31.7,27.5,21015,0.0,0.0,0,296.9,WNW,62,4.18,1
2118806,33.8,37.4,952.3,31.7,27.5,20996,0.0,0.0,0,35.6,NE,61,4.19,1
2122015,33.8,37.2,952.3,31.7,27.5,20988,0.0,0.0,0,96.8,E,59,4.19,1
2125222,33.8,37.9,952.3,31.7,27.4,20990,0.0,0.0,0,103.0,ESE,60,4.18,1
2128429,33.8,37.9,952.3,31.7,27.4,21014,0.0,0.0,0,88.5,E,59,4.18,1
2131636,33.8,37.7,952.3,31.7,27.4,21009,0.0,0.0,0,32.0,NNE,62,4.17,1
2134843,33.8,37.7,952.3,31.7,27.4,21013,0.0,0.3,0,50.1,NE,57,4.19,1
2138050,33.8,38.0,952.3,31.7,27.4,21005,0.1,0.6,0,9.3,N,62,4.19,1
2141257,33.8,37.4,952.3,31.7,27.5,20991,0.1,0.6,0,73.9,ENE,60,4.18,1
2144464,33.8,37.6,952.2,31.8,27.5,21012,0.1,0.6,0,124.8,SE,62,4.18,1
2147673,33.9,37.9,952.2,31.8,27.6,21060,0.0,0.3,0,6.7,N,61,4.19,1
2150880,33.9,37.5,952.2,31.8,27.6,20995,0.0,0.3,0,13.5,NNE,60,4.18,1
2154087,33.9,37.4,952.2,31.8,27.5,21042,0.0,0.3,0,99.7,E,59,4.18,1
2157294,33.9,37.4,952.2,31.8,27.5,21053,0.1,0.6,0,31.8,NNE,60,4.18,1
2160501,33.9,37.4,952.3,31.8,27.5,21061,0.0,0.3,0,314.2,NW,60,4.18,1
2163708,33.9,37.9,952.2,31.8,27.5,21146,0.1,0.6,0,295.5,WNW,62,4.18,1
2166915,33.9,37.5,952.2,31.8,27.3,21122,0.1,0.6,0,266.6,W,62,4.19,1
2170125,33.9,37.7,952.2,31.8,27.1,21078,0.3,1.1,1,312.9,NW,59,4.19,1
2173331,33.9,37.6,952.3,31.8,26.9,21068,0.3,1.4,1,284.4,WNW,60,4.17,1
2176538,33.9,37.8,952.3,31.8,26.7,21109,0.5,2.0,1,308.0,NW,60,4.19,1
2179745,33.9,37.5,952.3,31.8,26.6,21075,0.5,2.0,1,277.7,W,59,4.18,1
2182952,33.9,37.6,952.2,31.9,26.7,21098,0.5,2.0,1,253.3,WSW,61,4.19,1
2186159,34.0,37.5,952.3,31.8,26.7,21131,0.5,2.0,1,348.8,N,59,4.18,1
2189366,34.0,37.8,952.2,31.9,26.7,21149,0.4,1.7,1,296.2,WNW,57,4.18,1
2192575,34.0,37.4,952.3,31.9,26.7,21137,0.4,1.7,1,307.8,NW,63,4.17,1
2195783,34.0,37.6,952.3,31.9,26.7,21133,0.4,1.7,1,13.1,NNE,61,4.17,1
2198990,34.0,37.4,952.3,31.9,26.7,21168,0.5,2.0,1,265.7,W,59,4.19,1
2202197,34.0,37.9,952.3,31.9,26.8,21191,0.3,1.4,1,275.1,W,62,4.19,1
2205404,34.0,37.5,952.3,31.9,26.9,21206,0.3,1.4,1,337.8,NNW,61,4.19,1
2208611,34.0,37.5,952.3,31.9,26.8,21180,0.3,1.4,1,222.6,SW,60,4.18,1
2211818,34.0,37.8,952.3,31.9,26.8,21185,0.3,1.4,1,275.1,W,60,4.19,1
2215025,34.0,38.1,952.3,31.9,26.7,21166,0.3,1.4,1,290.2,WNW,61,4.18,1
2218234,34.0,37.8,952.2,31.9,26.7,21170,0.3,1.1,1,291.9,WNW,58,4.19,1
2221441,34.0,38.2,952.3,31.9,26.7,21166,0.3,1.1,1,333.2,NNW,60,4.19,1
2224649,34.0,37.4,952.3,31.9,26.8,21173,0.3,1.1,1,311.1,NW,59,4.19,1
2227855,34.0,38.3,952.3,31.9,26.8,21147,0.3,1.1,1,266.5,W,61,4.19,1
2231062,34.0,37.8,952.3,31.9,26.8,21142,0.2,0.8,1,256.9,WSW,57,4.19,1
2234269,34.0,37.6,952.4,31.9,26.8,21140,0.3,1.1,1,310.8,NW,61,4.18,1
2237476,34.0,37.5,952.3,31.9,26.7,21155,0.3,1.1,1,293.5,WNW,60,4.19,1
2240685,34.0,38.1,952.3,31.9,26.6,21134,0.2,0.8,1,259.2,W,61,4.19,1
2243892,34.0,37.7,952.2,31.9,26.6,21111,0.2,0.8,1,348.0,NNW,62,4.19,1
2247099,34.0,38.2,952.4,31.9,26.6,21106,0.1,0.6,0,39.9,NE,59,4.19,1
2250306,34.0,37.9,952.3,31.9,26.7,21097,0.1,0.6,0,332.7,NNW,62,4.19,1
2253513,34.0,38.2,952.3,31.9,26.7,21085,0.1,0.6,0,228.7,SW,60,4.19,1
2256720,34.0,37.7,952.3,31.9,26.7,21091,0.1,0.6,0,231.5,SW,62,4.19,1
2259927,34.0,38.1,952.3,31.9,26.8,21097,0.1,0.6,0,298.9,WNW,59,4.18,1
2263136,34.1,37.6,952.4,31.9,26.9,21074,0.1,0.6,0,64.4,ENE,62,4.19,1
2266343,34.0,37.9,952.2,31.9,26.9,21064,0.0,0.3,0,79.9,E,60,4.18,1
2269550,34.1,38.3,952.3,31.9,26.9,21059,0.0,0.0,0,298.9,WNW,61,4.20,1
2272757,34.1,38.4,952.3,31.9,26.9,21071,0.0,0.0,0,264.2,W,58,4.19,1
2275965,34.1,37.9,952.3,31.9,26.9,21018,0.1,0.6,0,257.9,WSW,59,4.18,1
2279171,34.1,38.0,952.3,31.9,27.0,21058,0.1,0.6,0,180.4,S,60,4.19,1
2282379,34.1,38.0,952.3,31.9,26.9,21073,0.0,0.3,0,149.8,SSE,61,4.19,1
2285585,34.1,37.9,952.3,31.9,26.9,21085,0.0,0.3,0,116.6,ESE,63,4.18,1
2288794,34.1,38.4,952.3,31.9,26.9,21084,0.0,0.0,0,71.8,ENE,59,4.18,1
2292001,34.1,37.9,952.3,31.9,27.0,21043,0.2,0.8,1,171.0,S,59,4.19,1
2295208,34.1,38.0,952.3,31.9,26.9,21045,0.3,1.1,1,37.2,NE,59,4.18,1
2298417,34.1,37.9,952.3,31.9,26.9,21034,0.2,0.8,1,109.5,ESE,60,4.19,1
2301624,34.1,37.6,952.3,31.9,26.9,21031,0.3,1.1,1,273.6,W,62,4.19,1
2304831,34.1,37.9,952.2,31.9,27.1,21027,0.6,2.2,1,5.8,N,62,4.18,1
2308038,34.1,37.9,952.3,31.9,27.1,21020,0.7,2.5,1,201.2,SSW,61,4.18,1
2311247,34.2,37.6,952.3,31.9,27.1,21001,0.7,2.8,1,30.1,NNE,59,4.19,1
2314454,34.2,37.5,952.3,31.9,26.9,21015,0.6,2.2,1,211.6,SSW,59,4.19,1
2317661,34.2,38.0,952.3,31.9,26.9,20999,0.7,2.5,1,52.3,NE,59,4.18,1
2320868,34.2,37.8,952.3,31.9,27.0,20983,0.7,2.5,1,344.1,NNW,55,4.19,1
2324075,34.2,37.7,952.4,32.0,27.0,21011,0.6,2.2,1,211.8,SSW,60,4.17,1
2327282,34.2,38.0,952.4,31.9,27.0,21002,0.6,2.2,1,83.2,E,59,4.18,1
2330489,34.2,37.9,952.3,32.0,26.9,20968,0.6,2.2,1,86.4,E,62,4.19,1
2333698,34.2,37.8,952.3,32.0,26.8,20993,0.5,2.0,1,22.2,NNE,60,4.19,1
2336905,34.2,37.7,952.3,32.0,26.7,20963,0.3,1.4,1,293.5,WNW,61,4.18,1
2340112,34.2,37.8,952.3,32.0,26.7,20964,0.3,1.1,1,321.3,NW,63,4.17,1
2343319,34.2,38.0,952.3,32.0,26.7,20961,0.3,1.1,1,93.9,E,62,4.19,1
2346526,34.2,38.0,952.3,32.0,26.7,20962,0.3,1.1,1,75.5,ENE,62,4.19,1
2349733,34.2,38.3,952.4,32.0,26.8,20952,0.1,0.6,0,0.0,N,60,4.18,1
2352940,34.2,38.5,952.3,32.0,26.8,20926,0.2,0.8,1,46.7,NE,61,4.19,1
2356147,34.2,38.3,952.3,32.0,26.9,20932,0.2,0.8,1,93.3,E,62,4.19,1
2359356,34.2,38.1,952.3,32.0,27.0,20873,0.2,0.8,1,49.3,NE,58,4.19,1
2362563,34.2,38.1,952.3,32.0,27.0,20951,0.1,0.6,0,54.0,NE,60,4.19,1
2365770,34.2,37.9,952.3,32.0,27.0,20944,0.0,0.3,0,53.5,NE,61,4.19,1
2368977,34.2,38.4,952.3,32.0,27.0,20899,0.0,0.0,0,17.1,NNE,59,4.17,1
2372184,34.2,37.7,952.3,32.0,26.9,20903,0.0,0.0,0,243.1,WSW,60,4.18,1
2375391,34.3,38.3,952.4,32.0,26.7,20899,0.0,0.0,0,191.7,SSW,59,4.18,1
2378598,34.3,38.2,952.3,32.0,26.6,20883,0.0,0.0,0,153.9,SSE,62,4.18,1
2381808,34.2,38.4,952.3,32.1,26.6,20918,0.0,0.3,0,165.7,SSE,61,4.19,1
2385014,34.3,38.5,952.3,32.1,26.5,20877,0.0,0.3,0,222.5,SW,59,4.19,1
2388221,34.3,38.5,952.3,32.1,26.4,20890,0.1,0.6,0,339.7,NNW,61,4.19,1
2391428,34.3,37.7,952.3,32.1,26.4,20916,0.2,0.8,1,291.8,WNW,59,4.17,1
2394635,34.3,38.3,952.3,32.1,26.4,20907,0.2,0.8,1,258.0,WSW,57,4.18,1
2397842,34.3,37.8,952.3,32.1,26.4,20906,0.2,0.8,1,299.2,WNW,61,4.19,1
2401049,34.3,38.5,952.3,32.1,26.3,20896,0.1,0.6,0,323.0,NW,59,4.18,1
2404258,34.3,37.7,952.3,32.1,26.3,20879,0.2,0.8,1,285.2,WNW,59,4.19,1
2407465,34.3,38.2,952.3,32.1,26.3,20868,0.2,0.8,1,253.3,WSW,62,4.19,1
2410672,34.3,38.1,952.3,32.1,26.3,20884,0.1,0.6,0,267.9,W,63,4.18,1
2413879,34.3,38.0,952.3,32.1,26.3,20899,0.0,0.3,0,259.5,W,60,4.17,1
2417086,34.3,38.5,952.3,32.1,26.3,20908,0.0,0.3,0,286.0,WNW,60,4.18,1
2420293,34.3,38.0,952.3,32.1,26.3,20899,0.0,0.0,0,299.3,WNW,62,4.18,1
2423500,34.3,38.4,952.2,32.1,26.2,20908,0.0,0.0,0,295.2,WNW,62,4.18,1
2426707,34.3,38.4,952.3,32.1,26.2,20931,0.0,0.0,0,292.2,WNW,59,4.19,1
2429916,34.4,38.4,952.4,32.1,26.1,20913,0.0,0.0,0,346.5,NNW,60,4.17,1
2433123,34.4,38.6,952.3,32.1,26.1,20983,0.0,0.0,0,63.2,ENE,59,4.18,1
2436330,34.4,38.3,952.2,32.2,26.0,20977,0.0,0.0,0,63.0,ENE,59,4.18,1
2439537,34.4,37.8,952.3,32.2,26.1,20974,0.0,0.0,0,9.7,N,63,4.18,1
2442744,34.4,38.1,952.3,32.2,26.1,20993,0.0,0.0,0,310.1,NW,61,4.18,1
2445951,34.4,37.8,952.3,32.2,26.1,20978,0.0,0.3,0,275.1,W,60,4.18,1
2449158,34.4,37.9,952.3,32.2,26.1,21011,0.1,0.6,0,294.7,WNW,63,4.17,1
2452367,34.4,38.5,952.3,32.2,26.1,20998,0.1,0.6,0,309.0,NW,63,4.18,1
2455574,34.4,38.5,952.3,32.2,26.2,21030,0.1,0.6,0,313.6,NW,59,4.19,1
2458781,34.4,38.5,952.3,32.2,26.2,21019,0.1,0.6,0,330.5,NNW,62,4.18,1
2461988,34.4,37.7,952.2,32.2,26.3,20963,0.0,0.3,0,4.4,N,62,4.19,1
2465195,34.4,38.3,952.2,32.2,26.3,20978,0.0,0.0,0,33.5,NNE,59,4.18,1
2468402,34.4,38.3,952.3,32.2,26.3,20953,0.0,0.0,0,19.6,NNE,63,4.19,1
2471609,34.4,38.2,952.2,32.2,26.3,20973,0.0,0.0,0,3.5,N,59,4.18,1
2474818,34.4,38.4,952.3,32.2,26.3,20951,0.0,0.0,0,350.4,N,62,4.19,1
2478025,34.4,37.8,952.3,32.2,26.3,20935,0.0,0.0,0,328.9,NNW,62,4.18,1
2481232,34.5,38.5,952.2,32.3,26.3,20887,0.0,0.0,0,281.3,WNW,62,4.19,1
2484439,34.5,37.7,952.3,32.3,26.3,20903,0.0,0.0,0,241.9,WSW,60,4.19,1
2487646,34.5,38.5,952.3,32.3,26.3,20884,0.0,0.0,0,291.9,WNW,60,4.18,1
2490853,34.5,38.1,952.2,32.3,26.3,20853,0.0,0.0,0,348.1,NNW,61,4.18,1
2494060,34.5,38.4,952.3,32.3,26.3,20854,0.0,0.0,0,343.7,NNW,62,4.18,1
2497267,34.5,38.1,952.2,32.3,26.4,20863,0.0,0.0,0,14.2,NNE,62,4.20,1
2500476,34.5,38.4,952.3,32.3,26.5,20858,0.0,0.0,0,27.2,NNE,62,4.18,1
2503683,34.5,37.8,952.2,32.3,26.5,20858,0.0,0.0,0,24.7,NNE,57,4.19,1
2506890,34.5,38.5,952.3,32.3,26.6,20928,0.0,0.0,0,23.0,NNE,57,4.19,1
2510097,34.5,38.2,952.3,32.3,26.7,20928,0.0,0.0,0,23.2,NNE,59,4.19,1
2513304,34.5,38.4,952.2,32.3,26.8,20907,0.0,0.0,0,24.1,NNE,60,4.18,1
2516511,34.5,37.7,952.2,32.3,26.8,20919,0.0,0.0,0,22.2,NNE,60,4.19,1
2519718,34.5,38.6,952.3,32.3,26.8,20900,0.0,0.0,0,21.8,NNE,60,4.19,1
2522927,34.5,38.1,952.3,32.3,26.7,20919,0.0,0.0,0,326.5,NNW,60,4.18,1
2526134,34.5,38.4,952.2,32.3,26.6,20881,0.0,0.0,0,276.2,W,60,4.18,1
2529341,34.6,38.2,952.2,32.3,26.6,20881,0.0,0.0,0,323.6,NW,59,4.18,1
2532548,34.6,38.5,952.2,32.3,26.6,20887,0.0,0.0,0,4.8,N,59,4.18,1
2535755,34.6,38.0,952.3,32.3,26.6,20895,0.0,0.0,0,318.6,NW,60,4.18,1
2538962,34.6,38.5,952.2,32.3,26.6,20885,0.0,0.0,0,287.4,WNW,59,4.19,1
2542169,34.6,38.2,952.2,32.3,26.6,20904,0.0,0.0,0,285.9,WNW,60,4.19,1
2545378,34.6,38.1,952.2,32.3,26.5,20903,0.0,0.3,0,267.1,W,56,4.19,1
2548585,34.6,37.8,952.2,32.3,26.4,20930,0.0,0.0,0,307.2,NW,61,4.18,1
2551792,34.6,38.1,952.2,32.3,26.4,20898,0.0,0.0,0,351.7,N,59,4.19,1
2554999,34.6,37.8,952.2,32.3,26.5,20923,0.0,0.0,0,215.7,SW,63,4.19,1
2558206,34.6,37.7,952.2,32.3,26.6,20924,0.0,0.3,0,42.7,NE,60,4.18,1
2561413,34.6,37.6,952.2,32.3,26.6,20939,0.0,0.3,0,197.0,SSW,63,4.18,1
2564620,34.6,37.8,952.3,32.3,26.7,20911,0.0,0.0,0,95.1,E,62,4.18,1
2567827,34.6,38.2,952.2,32.3,26.6,20903,0.0,0.0,0,280.3,W,61,4.18,1
2571036,34.7,38.6,952.3,32.3,26.5,20880,0.0,0.0,0,211.2,SSW,60,4.18,1
2574243,34.7,38.2,952.3,32.3,26.4,20834,0.0,0.0,0,276.5,W,61,4.20,1
2577450,34.7,38.1,952.3,32.3,26.5,20811,0.0,0.0,0,52.2,NE,62,4.19,1
2580657,34.7,37.8,952.3,32.3,26.5,20826,0.0,0.0,0,66.7,ENE,62,4.19,1
2583864,34.7,37.8,952.2,32.3,26.5,20854,0.0,0.0,0,13.3,NNE,63,4.19,1
2587071,34.7,37.8,952.2,32.3,26.6,20836,0.0,0.0,0,326.6,NNW,61,4.19,1
2590278,34.7,37.9,952.3,32.4,26.6,20813,0.0,0.0,0,341.3,NNW,60,4.19,1
2593487,34.7,37.8,952.2,32.4,26.7,20848,0.0,0.0,0,5.0,N,62,4.19,1
2596694,34.7,37.8,952.3,32.4,26.7,20872,0.0,0.0,0,344.8,NNW,63,4.19,1
2599901,34.7,37.9,952.2,32.4,26.7,20854,0.0,0.0,0,297.1,WNW,61,4.19,1
2603108,34.7,38.2,952.2,32.4,26.8,20889,0.0,0.0,0,292.5,WNW,60,4.17,1
2606315,34.7,37.9,952.3,32.4,26.8,20898,0.0,0.0,0,297.3,WNW,60,4.18,1
2609522,34.7,38.2,952.2,32.4,26.8,20858,0.0,0.0,0,315.6,NW,60,4.18,1
2612729,34.7,38.2,952.2,32.4,26.8,20882,0.0,0.0,0,332.3,NNW,62,4.18,1
2615939,34.7,38.7,952.2,32.4,26.7,20891,0.0,0.0,0,252.0,WSW,61,4.18,1
2619146,34.7,38.6,952.3,32.4,26.7,20883,0.0,0.0,0,264.9,W,63,4.18,1
2622352,34.7,38.7,952.2,32.4,26.7,20884,0.0,0.0,0,274.9,W,60,4.19,1
2625560,34.7,37.9,952.2,32.4,26.6,20878,0.0,0.0,0,278.3,W,61,4.19,1
2628766,34.8,38.5,952.2,32.4,26.5,20884,0.0,0.0,0,297.0,WNW,60,4.19,1
2631973,34.8,38.0,952.2,32.4,26.5,20858,0.0,0.0,0,319.2,NW,62,4.19,1
2635180,34.8,38.3,952.2,32.4,26.5,20839,0.0,0.0,0,297.7,WNW,60,4.18,1
2638386,34.8,37.9,952.3,32.4,26.4,20883,0.0,0.0,0,290.8,WNW,62,4.18,1
2641593,34.8,38.4,952.2,32.4,26.5,20853,0.0,0.0,0,305.8,NW,57,4.19,1
2644800,34.8,37.9,952.3,32.4,26.6,20884,0.0,0.0,0,309.6,NW,63,4.18,1
2648007,34.8,38.7,952.2,32.4,26.6,20876,0.0,0.0,0,266.2,W,62,4.19,1
2651214,34.8,38.3,952.2,32.4,26.5,20871,0.0,0.0,0,271.2,W,63,4.19,1
2654421,34.8,38.7,952.2,32.4,26.5,20861,0.0,0.0,0,246.7,WSW,59,4.17,1
2657628,34.8,37.9,952.2,32.4,26.4,20853,0.0,0.3,0,315.3,NW,60,4.19,1
2660835,34.8,38.7,952.2,32.4,26.4,20868,0.0,0.0,0,301.6,WNW,63,4.19,1
2664044,34.8,38.3,952.2,32.4,26.4,20890,0.0,0.0,0,259.0,W,60,4.17,1
2667251,34.8,37.9,952.2,32.4,26.3,20853,0.0,0.0,0,322.8,NW,60,4.19,1
2670458,34.8,37.9,952.2,32.4,26.3,20833,0.0,0.0,0,303.0,WNW,60,4.18,1
2673665,34.8,38.3,952.2,32.4,26.3,20848,0.0,0.0,0,214.6,SW,60,4.18,1
2676874,34.8,38.0,952.2,32.4,26.3,20898,0.0,0.0,0,325.5,NW,62,4.19,1
2680081,34.8,38.7,952.2,32.4,26.3,20876,0.0,0.0,0,244.6,WSW,62,4.19,1
2683288,34.8,38.0,952.2,32.4,26.3,20884,0.0,0.0,0,190.9,S,62,4.18,1
2686497,34.8,38.3,952.3,32.4,26.4,20846,0.0,0.0,0,233.1,SW,63,4.19,1
2689704,34.8,38.0,952.3,32.4,26.5,20901,0.0,0.0,0,293.9,WNW,59,4.19,1
2692911,34.8,38.4,952.2,32.4,26.6,20906,0.0,0.0,0,217.3,SW,59,4.19,1
2696118,34.8,38.0,952.2,32.4,26.5,20886,0.0,0.0,0,201.7,SSW,62,4.18,1
2699325,34.8,38.4,952.2,32.4,26.5,20922,0.0,0.0,0,227.9,SW,60,4.18,1
2702532,34.8,38.1,952.2,32.4,26.5,20903,0.0,0.0,0,249.1,WSW,60,4.19,1
2705739,34.8,38.8,952.3,32.4,26.6,20908,0.0,0.0,0,263.0,W,57,4.18,1
2708948,34.8,38.6,952.2,32.4,26.6,20883,0.0,0.0,0,255.9,WSW,61,4.18,1
2712155,34.8,38.5,952.3,32.4,26.6,20918,0.0,0.0,0,268.3,W,60,4.19,1
2715362,34.8,38.1,952.2,32.4,26.6,20925,0.0,0.0,0,258.0,WSW,62,4.19,1
2718569,34.8,38.4,952.2,32.4,26.6,20949,0.0,0.0,0,218.0,SW,60,4.19,1
2721776,34.8,37.9,952.2,32.4,26.6,20848,0.0,0.0,0,275.7,W,63,4.18,1
2724983,34.8,38.0,952.2,32.4,26.7,20883,0.0,0.0,0,349.3,N,61,4.18,1
2728190,34.8,38.2,952.2,32.4,26.8,20859,0.0,0.0,0,335.6,NNW,63,4.19,1
2731397,34.8,38.8,952.3,32.4,26.9,20888,0.0,0.0,0,263.5,W,62,4.19,1
2734606,34.8,38.3,952.2,32.4,26.8,20873,0.0,0.0,0,272.1,W,57,4.19,1
2737813,34.8,38.4,952.3,32.4,26.8,20873,0.0,0.0,0,320.7,NW,62,4.19,1
2741020,34.8,38.2,952.2,32.4,26.8,20821,0.0,0.0,0,324.8,NW,62,4.19,1
2744227,34.8,38.5,952.2,32.4,26.9,20813,0.0,0.0,0,332.2,NNW,60,4.19,1
2747434,34.8,38.5,952.3,32.4,27.0,20860,0.0,0.0,0,329.6,NNW,59,4.18,1
2750641,34.9,38.5,952.2,32.4,27.0,20868,0.0,0.0,0,328.2,NNW,60,4.19,1
2753848,34.9,38.3,952.3,32.4,27.1,20853,0.0,0.0,0,328.4,NNW,60,4.19,1
2757057,34.9,38.5,952.2,32.4,27.1,20863,0.0,0.0,0,4.2,N,63,4.19,1
2760264,34.9,38.4,952.1,32.4,27.1,20834,0.0,0.0,0,90.6,E,59,4.18,1
2763471,34.9,38.5,952.2,32.4,27.2,20907,0.0,0.0,0,108.9,ESE,60,4.19,1
2766678,34.9,38.2,952.2,32.4,27.2,20802,0.0,0.0,0,64.6,ENE,59,4.18,1
2769885,34.9,38.4,952.3,32.4,27.2,20852,0.0,0.0,0,355.8,N,59,4.19,1
2773092,34.9,38.2,952.2,32.4,27.2,20813,0.0,0.0,0,25.5,NNE,60,4.19,1
2776299,34.9,38.6,952.2,32.4,27.3,20818,0.0,0.0,0,34.3,NE,63,4.19,1
2779508,34.9,38.8,952.2,32.4,27.3,20792,0.0,0.0,0,13.1,NNE,61,4.18,1
2782715,34.9,38.2,952.2,32.4,27.4,20795,0.0,0.0,0,309.6,NW,63,4.19,1
2785922,34.9,38.2,952.2,32.4,27.4,20756,0.0,0.0,0,238.5,WSW,60,4.19,1
2789130,34.9,38.1,952.3,32.4,27.3,20788,0.0,0.3,0,186.0,S,63,4.19,1
2792337,34.9,38.1,952.2,32.5,27.3,20758,0.1,0.6,0,321.7,NW,59,4.19,1
2795543,34.9,39.0,952.3,32.5,27.2,20778,0.2,0.8,1,333.9,NNW,63,4.18,1
2798750,34.9,38.6,952.3,32.5,27.1,20718,0.2,0.8,1,244.6,WSW,61,4.19,1
2801957,34.9,38.2,952.3,32.5,27.1,20762,0.2,0.8,1,346.7,NNW,61,4.19,1
2805166,34.9,38.6,952.2,32.5,27.2,20704,0.2,0.8,1,350.6,N,63,4.18,1
2808373,35.0,39.0,952.2,32.5,27.2,20710,0.1,0.6,0,347.9,NNW,58,4.19,1
2811580,34.9,38.7,952.2,32.5,27.2,20747,0.1,0.6,0,348.4,NNW,60,4.19,1
2814787,35.0,38.9,952.3,32.5,27.3,20695,0.0,0.0,0,347.9,NNW,61,4.18,1
2817994,35.0,38.4,952.3,32.5,27.4,20685,0.0,0.0,0,347.1,NNW,59,4.19,1
2821201,35.0,38.3,952.3,32.5,27.4,20693,0.0,0.0,0,309.1,NW,62,4.19,1
2824408,35.0,38.7,952.3,32.5,27.4,20703,0.0,0.0,0,269.2,W,56,4.20,1
2827617,35.0,38.3,952.3,32.5,27.4,20678,0.0,0.0,0,306.8,NW,60,4.19,1
2830824,35.0,38.7,952.2,32.5,27.4,20673,0.0,0.0,0,344.8,NNW,60,4.18,1
2834031,35.0,38.5,952.3,32.5,27.3,20713,0.0,0.3,0,61.3,ENE,62,4.19,1
2837238,35.0,38.3,952.3,32.5,27.3,20711,0.0,0.0,0,44.8,NE,63,4.19,1
2840445,35.0,38.7,952.3,32.6,27.2,20715,0.0,0.0,0,359.1,N,62,4.18,1
2843652,35.0,38.6,952.2,32.6,27.2,20710,0.0,0.0,0,7.0,N,60,4.19,1
2846859,35.0,38.4,952.3,32.6,27.2,20748,0.0,0.0,0,336.9,NNW,60,4.19,1
2850068,35.0,38.3,952.3,32.6,27.2,20743,0.0,0.0,0,184.8,S,61,4.19,1
2853275,35.0,38.2,952.2,32.6,27.2,20698,0.0,0.3,0,106.9,ESE,62,4.19,1
2856482,35.0,38.5,952.3,32.6,27.3,20738,0.1,0.6,0,79.1,E,60,4.19,1
2859689,35.0,38.2,952.3,32.6,27.4,20763,0.0,0.3,0,7.5,N,62,4.19,1
2862896,35.1,39.1,952.2,32.6,27.4,20764,0.0,0.0,0,54.2,NE,59,4.19,1
2866103,35.1,38.8,952.3,32.6,27.5,20759,0.0,0.3,0,80.8,E,59,4.19,1
2869310,35.1,38.9,952.3,32.6,27.5,20757,0.0,0.0,0,335.4,NNW,60,4.18,1
2872517,35.1,38.5,952.3,32.6,27.5,20705,0.0,0.0,0,15.0,NNE,63,4.18,1
2875726,35.1,38.7,952.2,32.6,27.4,20781,0.0,0.0,0,308.4,NW,60,4.19,1
2878933,35.1,38.1,952.2,32.7,27.3,20698,0.0,0.0,0,275.2,W,63,4.19,1
2882140,35.1,39.2,952.3,32.7,27.2,20713,0.0,0.0,0,52.4,NE,59,4.19,1
2885347,35.1,38.2,952.3,32.7,27.1,20743,0.0,0.0,0,75.4,ENE,62,4.18,1
2888554,35.1,38.5,952.2,32.7,27.1,20750,0.0,0.0,0,23.3,NNE,62,4.19,1
2891761,35.1,38.3,952.3,32.7,27.1,20757,0.0,0.0,0,12.1,NNE,60,4.18,1
2894968,35.1,38.9,952.2,32.7,27.0,20743,0.0,0.0,0,2.2,N,60,4.19,1
2898177,35.1,38.3,952.2,32.7,26.9,20778,0.0,0.0,0,6.7,N,60,4.18,1
2901384,35.1,38.4,952.2,32.7,26.9,20753,0.0,0.0,0,287.6,WNW,64,4.19,1
2904591,35.2,38.2,952.2,32.7,26.9,20773,0.0,0.3,0,279.4,W,60,4.20,1
2907798,35.2,38.6,952.3,32.7,26.9,20758,0.2,0.8,1,328.1,NNW,59,4.19,1
2911005,35.2,38.2,952.2,32.8,26.9,20737,0.2,0.8,1,286.2,WNW,62,4.17,1
2914212,35.2,38.7,952.2,32.8,26.7,20751,0.3,1.4,1,66.3,ENE,63,4.18,1
2917419,35.2,38.6,952.2,32.8,26.5,20733,0.3,1.4,1,63.2,ENE,63,4.19,1
2920628,35.2,38.5,952.2,32.8,26.5,20780,0.3,1.4,1,343.6,NNW,64,4.19,1
2923835,35.2,38.5,952.3,32.8,26.4,20747,0.3,1.1,1,346.2,NNW,61,4.19,1
2927042,35.2,38.9,952.3,32.8,26.4,20698,0.3,1.1,1,70.8,ENE,62,4.18,1
2930249,35.2,38.2,952.2,32.8,26.4,20743,0.2,0.8,1,74.9,ENE,60,4.19,1
2933456,35.2,38.9,952.2,32.8,26.5,20771,0.2,0.8,1,69.2,ENE,59,4.18,1
2936663,35.2,38.1,952.3,32.8,26.7,20755,0.2,0.8,1,75.1,ENE,62,4.19,1
2939870,35.2,38.8,952.2,32.8,26.7,20729,0.2,0.8,1,267.8,W,61,4.19,1
2943077,35.2,38.6,952.2,32.8,26.7,20718,0.2,0.8,1,230.2,SW,62,4.19,1
2946286,35.2,38.2,952.2,32.8,26.7,20713,0.2,0.8,1,28.2,NNE,63,4.18,1
2949493,35.2,38.3,952.2,32.8,26.7,20679,0.1,0.6,0,153.1,SSE,56,4.18,1
2952700,35.2,38.9,952.2,32.8,26.6,20692,0.2,0.8,1,116.0,ESE,60,4.19,1
2955907,35.2,38.4,952.2,32.8,26.6,20686,0.2,0.8,1,4.9,N,62,4.20,1
2959114,35.2,38.9,952.2,32.8,26.6,20724,0.1,0.6,0,41.8,NE,59,4.18,1
2962321,35.2,39.0,952.2,32.8,26.7,20732,0.2,0.8,1,73.3,ENE,62,4.19,1
2965528,35.2,38.6,952.2,32.9,26.8,20708,0.2,0.8,1,66.2,ENE,60,4.19,1
2968738,35.2,38.4,952.2,32.9,26.8,20718,0.2,0.8,1,31.5,NNE,62,4.19,1
2971944,35.2,39.0,952.2,32.9,26.8,20718,0.1,0.6,0,6.5,N,61,4.18,1
2975151,35.2,38.9,952.2,32.9,26.7,20720,0.1,0.6,0,7.7,N,61,4.18,1
2978358,35.2,38.9,952.2,32.9,26.6,20735,0.1,0.6,0,40.6,NE,62,4.18,1
2981565,35.2,38.2,952.2,32.9,26.6,20745,0.0,0.3,0,45.5,NE,57,4.19,1
2984772,35.2,39.2,952.2,32.9,26.6,20736,0.0,0.3,0,40.7,NE,63,4.19,1
2987979,35.2,39.2,952.2,32.9,26.6,20710,0.0,0.3,0,30.9,NNE,62,4.19,1
2991186,35.2,39.1,952.2,32.9,26.6,20691,0.0,0.3,0,29.2,NNE,60,4.18,1
2994395,35.2,38.9,952.2,32.9,26.7,20680,0.0,0.0,0,23.6,NNE,63,4.19,1
2997602,35.2,38.7,952.2,32.9,26.7,20669,0.0,0.0,0,8.0,N,61,4.19,1
3000809,35.2,38.3,952.2,32.9,26.7,20673,0.0,0.0,0,5.9,N,60,4.19,1
3004016,35.3,38.4,952.2,32.9,26.8,20638,0.0,0.0,0,6.5,N,63,4.18,1
3007223,35.3,38.3,952.2,33.0,26.7,20671,0.0,0.0,0,6.7,N,62,4.19,1
3010430,35.3,39.2,952.2,33.0,26.8,20677,0.0,0.0,0,8.4,N,60,4.18,1
3013637,35.3,38.8,952.2,33.0,26.9,20621,0.0,0.0,0,32.4,NNE,58,4.19,1
3016857,35.3,39.0,952.2,33.0,27.0,20608,0.0,0.0,0,59.0,ENE,62,4.19,1
3020063,35.3,38.2,952.1,33.0,27.1,20618,0.0,0.0,0,66.8,ENE,60,4.19,1
3023270,35.3,39.2,952.2,33.0,27.1,20640,0.0,0.0,0,358.2,N,62,4.19,1
3026477,35.3,38.6,952.2,33.0,27.2,20632,0.0,0.0,0,316.3,NW,58,4.19,1
3029684,35.3,38.8,952.2,33.0,27.1,20626,0.0,0.0,0,341.9,NNW,60,4.17,1
3032891,35.3,38.7,952.2,33.1,27.1,20626,0.0,0.0,0,11.6,NNE,63,4.19,1
3036098,35.3,39.3,952.2,33.1,26.9,20634,0.0,0.0,0,359.9,N,63,4.18,1
3039307,35.3,38.7,952.1,33.1,26.9,20608,0.0,0.0,0,1.0,N,58,4.19,1
3042514,35.3,38.9,952.2,33.1,26.8,20626,0.0,0.0,0,0.2,N,63,4.19,1
3045721,35.3,39.0,952.1,33.1,26.7,20670,0.0,0.0,0,30.8,NNE,61,4.19,1
3048928,35.3,38.7,952.2,33.1,26.7,20688,0.0,0.0,0,61.0,ENE,61,4.19,1
3052137,35.4,38.3,952.2,33.1,26.7,20635,0.0,0.0,0,49.0,NE,64,4.19,1
3055344,35.4,39.1,952.2,33.1,26.7,20657,0.0,0.0,0,359.7,N,56,4.19,1
3058551,35.4,39.3,952.2,33.1,26.7,20667,0.0,0.0,0,345.0,NNW,60,4.19,1
3061758,35.4,38.9,952.2,33.1,26.5,20638,0.0,0.0,0,302.5,WNW,63,4.19,1
3064967,35.4,39.0,952.2,33.1,26.5,20643,0.0,0.0,0,241.0,WSW,60,4.19,1
3068174,35.4,38.8,952.2,33.1,26.5,20638,0.0,0.0,0,252.8,WSW,60,4.20,1
3071381,35.4,39.1,952.2,33.1,26.3,20653,0.0,0.0,0,271.3,W,60,4.18,1
3074588,35.4,39.2,952.1,33.1,26.1,20652,0.0,0.0,0,282.3,WNW,60,4.18,1
3077795,35.4,39.2,952.1,33.2,25.9,20641,0.3,1.4,1,242.4,WSW,60,4.19,1
3081002,35.4,38.9,952.2,33.2,25.8,20630,0.7,2.5,1,356.1,N,60,4.19,1
3084209,35.4,38.9,952.1,33.2,25.9,20639,0.7,2.8,1,212.9,SSW,62,4.19,1
3087418,35.4,39.3,952.2,33.2,25.9,20626,0.7,2.5,1,66.8,ENE,63,4.18,1
3090625,35.4,39.0,952.2,33.2,26.0,20613,0.7,2.5,1,0.7,N,61,4.18,1
3093832,35.4,39.0,952.3,33.1,26.0,20634,0.6,2.2,1,35.6,NE,60,4.20,1
3097039,35.4,38.9,952.1,33.1,26.0,20620,0.4,1.7,1,49.8,NE,64,4.19,1
3100246,35.4,39.2,952.1,33.1,26.0,20632,0.4,1.7,1,25.0,NNE,63,4.19,1
3103453,35.4,39.1,952.1,33.1,26.0,20602,0.3,1.1,1,26.6,NNE,60,4.19,1
3106660,35.4,38.8,952.1,33.1,26.1,20613,0.2,0.8,1,27.6,NNE,61,4.18,1
3109869,35.4,38.7,952.2,33.1,26.1,20593,0.2,0.8,1,29.6,NNE,59,4.19,1
3113076,35.4,38.9,952.1,33.1,26.2,20610,0.1,0.6,0,29.4,NNE,61,4.19,1
3116283,35.4,39.0,952.1,33.1,26.2,20624,0.0,0.3,0,28.5,NNE,58,4.19,1
3119490,35.4,39.0,952.2,33.1,26.2,20600,0.0,0.3,0,28.3,NNE,60,4.18,1
3122697,35.4,39.0,952.1,33.1,26.2,20619,0.0,0.0,0,34.8,NE,65,4.18,1
3125904,35.4,39.2,952.1,33.1,26.2,20610,0.0,0.0,0,8.7,N,60,4.19,1
3129111,35.4,39.3,952.2,33.1,26.2,20647,0.0,0.0,0,342.3,NNW,64,4.19,1
3132318,35.4,39.2,952.1,33.1,26.2,20618,0.0,0.0,0,359.9,N,60,4.19,1
3135527,35.4,39.1,952.2,33.1,26.3,20628,0.0,0.0,0,341.9,NNW,60,4.19,1
3138734,35.4,38.8,952.1,33.1,26.3,20612,0.0,0.0,0,295.4,WNW,60,4.19,1
3141941,35.4,39.1,952.2,33.1,26.2,20618,0.0,0.3,0,315.2,NW,60,4.19,1
3145148,35.4,39.0,952.2,33.1,26.2,20621,0.0,0.0,0,354.2,N,62,4.19,1
3148355,35.4,39.3,952.2,33.1,26.2,20598,0.0,0.0,0,337.7,NNW,62,4.19,1
3151562,35.4,38.9,952.2,33.1,26.3,20593,0.0,0.0,0,204.7,SSW,64,4.19,1
3154769,35.4,39.1,952.1,33.2,26.3,20617,0.5,2.0,1,340.8,NNW,64,4.20,1
3157978,35.4,38.5,952.2,33.2,26.1,20609,0.4,1.7,1,301.2,WNW,60,4.17,1
3161185,35.4,38.9,952.1,33.2,26.1,20613,0.7,2.8,1,304.2,NW,60,4.18,1
3164392,35.4,38.5,952.2,33.2,25.9,20589,1.0,3.9,1,197.9,SSW,64,4.19,1
3167599,35.4,38.7,952.1,33.2,25.2,20619,1.3,4.8,1,289.8,WNW,61,4.20,1
3170806,35.4,39.1,952.1,33.2,24.8,20606,1.3,4.8,1,203.7,SSW,62,4.19,1
3174013,35.4,38.5,952.2,33.1,24.8,20599,1.0,3.9,1,351.5,N,60,4.20,1
3177220,35.4,39.2,952.2,33.1,24.8,20603,0.9,3.4,1,33.4,NNE,64,4.19,1
3180429,35.4,39.5,952.2,33.1,24.9,20587,0.8,3.1,1,299.6,WNW,63,4.19,1
3183636,35.4,39.5,952.2,33.1,25.1,20576,0.7,2.8,1,11.9,NNE,63,4.19,1
3186843,35.4,38.4,952.2,33.1,25.2,20602,0.7,2.5,1,183.2,S,64,4.19,1
3190050,35.4,39.0,952.2,33.1,25.3,20591,0.7,2.5,1,206.1,SSW,61,4.19,1
3193257,35.4,38.8,952.2,33.1,25.1,20599,0.7,2.8,1,116.8,ESE,61,4.19,1
3196464,35.4,39.2,952.2,33.1,24.8,20592,0.7,2.8,1,173.3,S,62,4.19,1
3199671,35.4,39.0,952.1,33.1,24.6,20591,0.6,2.2,1,308.1,NW,60,4.18,1
3202878,35.4,38.8,952.1,33.1,24.5,20557,0.4,1.7,1,28.4,NNE,62,4.19,1
3206088,35.4,39.3,952.1,33.1,24.4,20568,0.3,1.4,1,92.2,E,60,4.19,1
3209294,35.4,39.4,952.1,33.1,24.4,20578,0.3,1.4,1,66.5,ENE,64,4.18,1
3212501,35.4,39.6,952.2,33.1,24.4,20560,0.3,1.1,1,40.8,NE,64,4.19,1
3215708,35.4,38.9,952.2,33.1,24.4,20556,0.3,1.1,1,9.4,N,59,4.19,1
3218915,35.4,39.0,952.1,33.1,24.4,20544,0.3,1.1,1,79.2,E,63,4.19,1
3222122,35.4,39.5,952.1,33.1,24.6,20587,0.4,1.7,1,84.9,E,62,4.19,1
3225329,35.4,38.7,952.1,33.1,24.8,20573,0.5,2.0,1,75.2,ENE,62,4.19,1
3228538,35.4,39.3,952.1,33.1,25.0,20550,0.5,2.0,1,75.7,ENE,58,4.19,1
3231745,35.4,39.0,952.1,33.1,25.2,20570,0.7,2.8,1,137.9,SE,64,4.18,1
3234952,35.4,39.7,952.1,33.1,25.4,20578,0.7,2.8,1,48.2,NE,61,4.19,1
3238160,35.4,38.8,952.1,33.1,25.6,20578,0.9,3.4,1,108.3,ESE,61,4.19,1
3241366,35.4,39.3,952.1,33.1,25.7,20564,1.0,3.9,1,114.4,ESE,63,4.17,1
3244573,35.4,38.7,952.2,33.1,25.8,20559,1.0,3.9,1,79.2,E,60,4.19,1
3247780,35.4,38.7,952.1,33.1,25.8,20578,1.0,3.6,1,64.5,ENE,62,4.18,1
3250989,35.4,38.6,952.1,33.1,25.6,20570,0.8,3.1,1,80.6,E,62,4.19,1
3254197,35.3,39.3,952.1,33.1,25.5,20558,0.9,3.4,1,15.5,NNE,63,4.18,1
3257403,35.4,38.8,952.1,33.1,25.4,20580,0.8,3.1,1,327.4,NNW,60,4.19,1
3260610,35.3,39.3,952.0,33.1,25.2,20552,0.7,2.5,1,339.6,NNW,61,4.19,1
3263817,35.3,38.6,952.1,33.1,25.1,20559,0.6,2.2,1,163.0,SSE,62,4.18,1
3267024,35.3,39.3,952.0,33.1,25.2,20548,0.6,2.2,1,92.2,E,62,4.18,1
3270231,35.3,39.3,952.1,33.1,25.0,20560,0.5,2.0,1,309.3,NW,63,4.19,1
3273438,35.3,39.7,952.1,33.1,24.8,20573,0.4,1.7,1,266.2,W,62,4.19,1
3276647,35.3,38.7,952.1,33.1,24.8,20556,0.4,1.7,1,266.1,W,61,4.19,1
3279854,35.3,39.1,952.1,33.1,24.7,20553,0.4,1.7,1,250.5,WSW,63,4.19,1
3283061,35.3,39.0,952.1,33.1,24.6,20552,0.3,1.4,1,275.9,W,63,4.19,1
3286268,35.3,39.0,952.1,33.1,24.6,20553,0.3,1.4,1,278.0,W,60,4.18,1
3289475,35.3,39.3,952.1,33.1,24.6,20571,0.3,1.4,1,283.7,WNW,60,4.19,1
3292682,35.3,39.8,952.1,33.1,24.6,20569,0.4,1.7,1,266.4,W,61,4.19,1
3295890,35.3,39.3,952.1,33.1,24.8,20573,0.4,1.7,1,252.2,WSW,64,4.18,1
3299098,35.3,39.5,952.1,33.1,24.8,20568,0.4,1.7,1,52.2,NE,63,4.19,1
3302306,35.3,39.7,952.1,33.1,24.7,20568,0.4,1.7,1,27.2,NNE,59,4.19,1
3305512,35.3,39.3,952.1,33.1,24.6,20565,0.3,1.4,1,260.7,W,61,4.19,1
3308719,35.3,39.4,952.1,33.1,24.3,20583,0.4,1.7,1,289.1,WNW,60,4.19,1
3311926,35.3,39.6,952.1,33.1,24.2,20553,0.4,1.7,1,299.2,WNW,63,4.19,1
3315133,35.3,38.9,952.1,33.1,24.2,20544,0.5,2.0,1,210.1,SSW,60,4.18,1
3318340,35.3,39.5,952.1,33.1,24.2,20557,0.5,2.0,1,296.8,WNW,60,4.19,1
3321549,35.3,39.3,952.1,33.1,24.2,20568,0.4,1.7,1,252.2,WSW,60,4.20,1
3324756,35.3,39.6,952.1,33.1,24.1,20553,0.5,2.0,1,265.7,W,62,4.19,1
3327963,35.3,39.8,952.1,33.1,24.1,20533,0.6,2.2,1,337.2,NNW,62,4.18,1
3331170,35.3,39.5,952.1,33.1,24.1,20561,0.5,2.0,1,267.8,W,63,4.19,1
3334377,35.3,39.5,952.1,33.1,24.1,20540,0.5,2.0,1,249.9,WSW,60,4.17,1
3337584,35.3,39.6,952.1,33.1,24.2,20517,0.5,2.0,1,316.9,NW,62,4.19,1
3340791,35.3,38.9,952.2,33.1,24.3,20532,0.5,2.0,1,318.4,NW,63,4.19,1
3343998,35.3,39.7,952.1,33.1,24.5,20504,0.4,1.7,1,327.0,NNW,60,4.18,1
3347207,35.3,38.8,952.1,33.1,24.6,20497,0.4,1.7,1,103.9,ESE,63,4.18,1
3350414,35.3,39.0,952.1,33.1,24.7,20514,0.4,1.7,1,88.6,E,64,4.19,1
3353622,35.3,38.8,952.1,33.0,24.7,20498,0.3,1.4,1,353.6,N,59,4.18,1
3356828,35.3,39.6,952.1,33.0,24.8,20507,0.3,1.4,1,124.9,SE,64,4.20,1
3360035,35.3,39.5,952.2,33.0,24.8,20497,0.3,1.1,1,97.8,E,60,4.20,1
3363242,35.2,39.0,952.2,33.0,24.8,20479,0.3,1.1,1,321.8,NW,60,4.19,1
3366449,35.2,39.0,952.2,33.0,24.8,20483,0.3,1.1,1,168.9,S,63,4.19,1
3369658,35.2,38.9,952.1,33.0,24.8,20467,0.2,0.8,1,54.5,NE,60,4.19,1
3372865,35.2,39.3,952.2,33.0,24.8,20449,0.2,0.8,1,312.2,NW,60,4.19,1
3376072,35.2,39.3,952.2,33.0,24.8,20455,0.3,1.4,1,355.2,N,60,4.19,1
3379279,35.2,39.1,952.2,33.0,24.8,20403,0.3,1.1,1,199.2,SSW,60,4.19,1
3382486,35.2,39.2,952.2,33.0,24.8,20434,0.2,0.8,1,336.5,NNW,63,4.18,1
3385693,35.2,39.6,952.1,33.0,24.6,20413,0.6,2.2,1,180.4,S,64,4.19,1
3388900,35.2,39.8,952.2,33.0,24.6,20426,0.6,2.2,1,228.6,SW,62,4.19,1
3392109,35.2,39.1,952.1,33.0,24.8,20419,0.9,3.4,1,233.0,SW,60,4.19,1
3395316,35.2,38.9,952.1,33.0,24.7,20401,1.1,4.2,1,279.8,W,60,4.19,1
3398523,35.2,39.1,952.1,33.0,24.6,20390,1.0,3.9,1,269.1,W,64,4.19,1
3401730,35.2,39.3,952.2,33.0,24.6,20370,1.0,3.6,1,286.1,WNW,61,4.18,1
3404937,35.2,39.0,952.2,33.0,24.4,20373,0.9,3.4,1,263.4,W,60,4.18,1
3408144,35.2,39.1,952.1,33.0,24.3,20352,0.9,3.4,1,248.3,WSW,61,4.19,1
3411351,35.2,39.4,952.2,33.0,24.3,20360,0.9,3.4,1,255.0,WSW,62,4.18,1
3414558,35.2,39.1,952.2,33.0,24.3,20342,0.9,3.4,1,239.0,WSW,60,4.19,1
3417767,35.2,39.2,952.2,33.0,24.4,20347,0.7,2.8,1,232.7,SW,59,4.19,1
3420974,35.2,39.4,952.2,33.0,24.5,20355,0.9,3.4,1,172.5,S,60,4.19,1
3424181,35.2,39.0,952.1,33.0,24.5,20354,0.7,2.8,1,180.9,S,63,4.19,1
3427388,35.2,39.7,952.1,33.0,24.4,20345,0.7,2.5,1,212.7,SSW,62,4.17,1
3430597,35.2,38.9,952.2,33.0,24.3,20353,0.6,2.2,1,208.2,SSW,64,4.19,1
3433804,35.2,39.4,952.2,33.0,24.3,20356,0.5,2.0,1,205.4,SSW,63,4.19,1
3437011,35.2,39.5,952.2,33.0,24.3,20347,0.4,1.7,1,158.8,SSE,63,4.18,1
3440220,35.2,39.0,952.1,33.0,24.3,20322,0.3,1.4,1,62.4,ENE,60,4.17,1
3443427,35.2,39.5,952.2,33.0,24.3,20335,0.3,1.4,1,279.3,W,64,4.18,1
3446634,35.2,39.8,952.2,33.0,24.3,20342,0.2,0.8,1,258.9,W,64,4.18,1
3449841,35.2,39.7,952.2,33.0,24.3,20338,0.2,0.8,1,12.4,NNE,63,4.19,1
3453048,35.2,39.4,952.1,33.0,24.3,20372,0.2,0.8,1,51.2,NE,62,4.19,1
3456256,35.2,39.7,952.1,33.0,24.3,20368,0.1,0.6,0,352.2,N,60,4.19,1
3459463,35.2,40.0,952.2,33.0,24.4,20348,0.1,0.6,0,341.6,NNW,61,4.17,1
3462671,35.2,39.6,952.1,33.0,24.5,20373,0.1,0.6,0,343.2,NNW,62,4.18,1
3465878,35.2,39.2,952.1,33.0,24.3,20355,0.0,0.3,0,304.9,NW,60,4.18,1
3469085,35.2,39.1,952.2,32.9,24.3,20343,0.1,0.6,0,289.4,WNW,63,4.18,1
3472292,35.2,39.8,952.1,33.0,24.3,20334,0.1,0.6,0,333.8,NNW,63,4.19,1
3475499,35.2,39.3,952.2,32.9,24.5,20381,0.2,0.8,1,297.5,WNW,60,4.19,1
3478707,35.2,39.8,952.2,33.0,24.5,20338,0.0,0.3,0,294.7,WNW,64,4.18,1
3481913,35.2,39.2,952.2,33.0,24.6,20327,0.0,0.3,0,294.3,WNW,60,4.18,1
3485120,35.2,39.7,952.2,32.9,24.6,20344,0.0,0.0,0,283.7,WNW,64,4.19,1
3488329,35.2,39.6,952.2,33.0,24.7,20353,0.0,0.0,0,298.0,WNW,60,4.19,1
3491536,35.2,39.6,952.1,32.9,24.6,20373,0.0,0.0,0,279.2,W,60,4.19,1
3494743,35.2,39.8,952.1,32.9,24.3,20353,0.0,0.0,0,252.6,WSW,63,4.18,1
3497950,35.2,39.7,952.2,32.9,24.2,20354,0.0,0.0,0,281.6,WNW,64,4.18,1
3501157,35.2,39.6,952.2,32.9,24.2,20378,0.0,0.0,0,284.7,WNW,62,4.19,1
3504364,35.2,39.6,952.1,32.9,24.1,20333,0.0,0.0,0,253.5,WSW,60,4.18,1
3507571,35.2,39.7,952.1,32.9,24.1,20324,0.0,0.0,0,358.7,N,60,4.18,1
3510780,35.2,39.8,952.1,32.9,24.1,20298,0.0,0.0,0,329.0,NNW,60,4.18,1
3513987,35.2,39.8,952.2,32.9,24.1,20332,0.0,0.0,0,256.9,WSW,61,4.18,1
3517194,35.2,39.8,952.1,32.9,24.1,20313,0.0,0.3,0,286.1,WNW,60,4.18,1
3520401,35.2,39.7,952.2,32.9,23.8,20320,0.3,1.1,1,214.0,SW,62,4.19,1
3523608,35.2,39.7,952.1,32.9,23.7,20313,0.3,1.4,1,306.8,NW,60,4.18,1
3526815,35.2,39.2,952.2,32.9,23.5,20280,0.3,1.4,1,267.3,W,60,4.19,1
3530022,35.2,39.5,952.2,32.9,23.4,20276,0.4,1.7,1,338.2,NNW,63,4.19,1
3533231,35.2,39.3,952.1,32.9,23.5,20288,0.4,1.7,1,62.4,ENE,57,4.19,1
3536438,35.2,40.1,952.2,32.9,23.6,20262,0.5,2.0,1,312.7,NW,64,4.19,1
3539645,35.2,39.5,952.2,32.9,23.6,20266,0.7,2.5,1,14.4,NNE,61,4.17,1
3542852,35.2,39.9,952.2,32.9,23.6,20263,0.7,2.5,1,329.2,NNW,59,4.19,1
3546059,35.2,39.1,952.2,32.9,23.6,20258,0.6,2.2,1,267.1,W,62,4.19,1
3549266,35.2,40.1,952.1,32.9,23.7,20225,0.5,2.0,1,346.8,NNW,64,4.17,1
3552473,35.2,40.1,952.2,32.9,23.7,20247,0.4,1.7,1,98.8,E,59,4.19,1
3555682,35.2,39.8,952.2,32.9,23.8,20261,0.3,1.4,1,227.9,SW,61,4.17,1
3558889,35.2,39.1,952.1,32.9,23.9,20244,0.3,1.4,1,58.1,ENE,64,4.18,1
3562096,35.2,39.9,952.2,32.9,24.0,20243,0.3,1.1,1,31.4,NNE,60,4.17,1
3565303,35.2,39.6,952.2,32.9,24.0,20247,0.3,1.1,1,193.2,SSW,62,4.17,1
3568510,35.2,39.9,952.1,32.9,24.0,20236,0.2,0.8,1,182.2,S,64,4.19,1
3571717,35.2,39.8,952.1,32.8,24.1,20242,0.2,0.8,1,220.4,SW,62,4.19,1
3574924,35.2,40.0,952.2,32.8,24.1,20255,0.1,0.6,0,231.6,SW,65,4.18,1
3578131,35.2,39.1,952.1,32.8,24.1,20275,0.0,0.3,0,342.8,NNW,61,4.19,1
3581340,35.2,40.0,952.2,32.8,24.1,20258,0.0,0.0,0,73.8,ENE,60,4.19,1
3584547,35.2,39.7,952.2,32.8,24.1,20274,0.0,0.0,0,42.1,NE,65,4.18,1
3587754,35.2,40.1,952.2,32.8,24.1,20243,0.0,0.0,0,290.2,WNW,63,4.20,1
3590961,35.2,40.0,952.2,32.8,24.2,20250,0.0,0.0,0,273.9,W,64,4.19,1
3594168,35.2,40.0,952.1,32.8,24.3,20248,0.0,0.0,0,292.8,WNW,60,4.19,1
3597375,35.2,39.9,952.2,32.8,24.3,20248,0.0,0.0,0,295.4,WNW,65,4.17,1
3600582,35.2,39.8,952.1,32.8,24.3,20233,0.0,0.0,0,295.4,WNW,60,4.19,1
3603791,35.2,39.3,952.1,32.8,24.5,20244,0.0,0.0,0,294.2,WNW,63,4.19,1
3606998,35.2,39.3,952.1,32.8,24.5,20239,0.0,0.0,0,295.5,WNW,61,4.18,1
3610205,35.2,39.3,952.2,32.8,24.6,20233,0.0,0.3,0,254.0,WSW,62,4.19,1
3613412,35.2,40.0,952.2,32.8,24.6,20246,0.2,0.8,1,221.4,SW,61,4.19,1
3616619,35.2,39.9,952.1,32.9,24.5,20236,0.2,0.8,1,209.7,SSW,65,4.19,1
3619827,35.2,39.5,952.0,32.8,24.5,20223,0.1,0.6,0,158.2,SSE,62,4.18,1
3623033,35.3,39.1,952.0,32.9,24.6,20209,0.1,0.6,0,4.2,N,62,4.18,1
3626242,35.2,39.7,952.1,32.9,24.7,20223,0.0,0.3,0,252.4,WSW,64,4.19,1
3629449,35.2,40.0,952.1,32.9,24.7,20206,0.0,0.0,0,258.4,WSW,61,4.19,1
3632656,35.3,40.2,952.1,32.9,24.7,20218,0.0,0.3,0,295.2,WNW,62,4.19,1
3635863,35.3,39.1,952.1,32.9,24.7,20225,0.0,0.0,0,305.5,NW,64,4.19,1
3639070,35.3,39.9,952.1,32.9,24.7,20222,0.0,0.0,0,334.4,NNW,60,4.18,1
3642277,35.3,39.7,952.1,32.9,24.8,20206,0.0,0.0,0,344.4,NNW,60,4.19,1
3645484,35.3,39.7,952.1,32.9,25.0,20217,0.0,0.0,0,120.8,ESE,64,4.19,1
3648691,35.3,40.0,952.0,32.9,25.2,20246,0.0,0.0,0,203.0,SSW,63,4.20,1
3651900,35.3,39.9,952.1,32.9,25.1,20248,0.0,0.0,0,259.9,W,60,4.18,1
3655107,35.3,39.6,952.2,32.9,25.0,20250,0.0,0.0,0,1.0,N,62,4.19,1
3658314,35.3,39.8,952.1,32.9,24.9,20221,0.0,0.0,0,347.4,NNW,64,4.19,1
3661521,35.3,39.1,952.1,32.9,24.8,20221,0.0,0.0,0,265.7,W,64,4.18,1
3664728,35.3,39.8,952.1,32.9,24.9,20213,0.0,0.0,0,288.4,WNW,64,4.19,1
3667935,35.3,39.9,952.1,32.9,25.0,20206,0.0,0.0,0,33.1,NNE,64,4.18,1
3671142,35.3,39.9,952.1,32.9,25.0,20164,0.0,0.0,0,117.4,ESE,60,4.19,1
3674351,35.3,40.0,952.1,32.9,25.1,20159,0.0,0.0,0,105.6,ESE,61,4.19,1
3677558,35.3,40.1,952.1,32.9,25.2,20186,0.0,0.0,0,66.1,ENE,59,4.19,1
3680765,35.3,39.2,952.1,32.9,25.2,20180,0.0,0.0,0,40.2,NE,62,4.19,1
3683972,35.4,39.7,952.1,32.9,25.2,20155,0.0,0.0,0,321.3,NW,63,4.19,1
3687179,35.4,39.8,952.1,32.9,25.2,20148,0.0,0.0,0,265.2,W,65,4.19,1
3690386,35.4,39.7,952.0,33.0,25.0,20148,0.0,0.0,0,318.7,NW,61,4.19,1
3693593,35.4,39.8,952.1,33.0,25.0,20143,0.0,0.3,0,321.8,NW,61,4.19,1
3696802,35.4,39.6,952.1,33.0,25.0,20143,0.0,0.0,0,312.8,NW,63,4.19,1
3700009,35.4,39.1,952.0,33.0,25.0,20158,0.0,0.0,0,234.9,SW,63,4.19,1
3703216,35.4,39.5,952.1,33.0,24.9,20157,0.1,0.6,0,304.4,NW,63,4.19,1
3706423,35.4,39.7,952.0,33.0,24.7,20176,0.0,0.3,0,108.8,ESE,63,4.19,1
3709631,35.4,39.8,952.1,33.0,24.6,20143,0.1,0.6,0,106.5,ESE,57,4.19,1
3712837,35.4,39.3,952.1,33.0,24.6,20160,0.0,0.3,0,299.8,WNW,61,4.19,1
3716044,35.4,39.7,952.1,33.0,24.6,20137,0.0,0.3,0,237.7,WSW,65,4.19,1
3719253,35.4,40.0,952.1,33.0,24.5,20151,0.0,0.0,0,304.0,NW,60,4.19,1
3722469,35.4,39.5,952.1,33.0,24.5,20159,0.0,0.3,0,331.7,NNW,60,4.20,1
3725678,35.4,39.6,952.1,33.0,24.6,20158,0.0,0.3,0,307.4,NW,65,4.18,1
3728885,35.4,39.7,952.0,33.0,24.6,20146,0.0,0.0,0,301.5,WNW,61,4.18,1
3732092,35.5,39.6,952.1,33.0,24.7,20107,0.0,0.0,0,313.4,NW,63,4.18,1
3735299,35.4,39.7,952.0,33.0,24.7,20113,0.0,0.0,0,294.8,WNW,62,4.19,1
3738506,35.5,39.5,952.1,33.0,24.8,20148,0.0,0.0,0,332.4,NNW,63,4.19,1
3741713,35.5,40.0,952.0,33.0,24.8,20129,0.0,0.0,0,37.6,NE,63,4.19,1
3744922,35.5,39.7,952.0,33.0,24.8,20120,0.0,0.0,0,33.4,NNE,57,4.19,1
3748129,35.5,39.7,952.1,33.0,24.8,20101,0.0,0.0,0,10.1,N,64,4.19,1
3751336,35.5,39.8,952.1,33.0,24.8,20109,0.0,0.0,0,347.3,NNW,61,4.18,1
3754543,35.5,39.4,952.0,33.0,24.8,20098,0.0,0.0,0,325.4,NW,65,4.18,1
3757750,35.5,39.7,952.1,33.1,24.8,20135,0.0,0.0,0,284.8,WNW,61,4.19,1
3760957,35.5,40.0,952.0,33.1,24.8,20118,0.0,0.0,0,302.8,WNW,64,4.18,1
3764164,35.5,40.0,952.1,33.1,24.9,20126,0.0,0.0,0,354.4,N,63,4.19,1
3767373,35.5,39.5,952.0,33.1,24.9,20115,0.0,0.0,0,26.1,NNE,60,4.18,1
3770580,35.5,39.9,952.1,33.1,25.0,20097,0.0,0.0,0,26.6,NNE,62,4.19,1
3773787,35.5,39.6,952.1,33.1,25.1,20083,0.0,0.0,0,68.4,ENE,63,4.19,1
3776994,35.5,39.4,952.0,33.1,25.3,20083,0.0,0.0,0,78.0,ENE,63,4.19,1
3780201,35.6,39.4,952.1,33.1,25.4,20128,0.0,0.0,0,60.2,ENE,62,4.18,1
3783408,35.6,39.7,952.1,33.1,25.4,20113,0.0,0.0,0,23.5,NNE,61,4.19,1
3786615,35.6,39.6,952.1,33.1,25.4,20108,0.0,0.0,0,329.3,NNW,60,4.19,1
3789824,35.6,39.3,952.1,33.1,25.3,20089,0.0,0.0,0,311.6,NW,61,4.19,1
3793031,35.6,39.8,952.1,33.1,25.3,20103,0.0,0.0,0,308.2,NW,60,4.18,1
3796238,35.6,39.9,952.1,33.1,25.4,20128,0.0,0.0,0,308.2,NW,60,4.19,1
3799445,35.6,39.8,952.1,33.1,25.2,20116,0.0,0.3,0,228.5,SW,62,4.18,1
3802652,35.6,39.9,952.1,33.1,25.0,20101,0.3,1.4,1,278.1,W,62,4.19,1
3805859,35.6,40.0,952.1,33.1,25.1,20113,1.4,5.0,1,301.6,WNW,62,4.19,1
3809066,35.6,39.1,952.1,33.2,25.1,20141,1.3,4.8,1,169.3,S,60,4.18,1
3812273,35.6,39.9,952.1,33.1,25.1,20155,1.2,4.5,1,327.9,NNW,60,4.19,1
3815482,35.6,39.4,952.0,33.1,24.8,20133,1.1,4.2,1,180.1,S,63,4.19,1
3818689,35.6,39.5,952.1,33.1,24.8,20148,1.0,3.6,1,295.1,WNW,63,4.18,1
3821896,35.7,39.8,952.1,33.1,25.0,20149,1.5,5.6,2,168.8,S,60,4.19,1
3825103,35.7,39.7,952.1,33.1,24.4,20143,1.4,5.0,1,319.2,NW,62,4.19,1
3828310,35.7,39.7,952.1,33.1,24.2,20140,1.2,4.5,1,267.5,W,61,4.18,1
3831517,35.7,39.9,952.1,33.1,24.2,20138,1.0,3.9,1,334.4,NNW,60,4.19,1
3834724,35.6,39.4,952.1,33.1,24.2,20145,1.0,3.6,1,226.8,SW,64,4.19,1
3837933,35.6,39.6,952.0,33.1,24.1,20138,0.9,3.4,1,258.7,WSW,61,4.19,1
3841140,35.6,39.8,952.2,33.1,24.1,20124,0.7,2.8,1,356.5,N,65,4.18,1
3844348,35.6,39.3,952.1,33.1,24.1,20123,0.7,2.5,1,339.2,NNW,63,4.19,1
3847555,35.6,39.5,952.1,33.1,24.1,20118,0.6,2.2,1,299.2,WNW,63,4.19,1
3850762,35.6,39.8,952.1,33.1,24.0,20138,0.6,2.2,1,275.1,W,60,4.19,1
3853968,35.6,39.6,952.0,33.1,24.1,20106,0.5,2.0,1,319.5,NW,64,4.19,1
3857175,35.6,39.7,952.1,33.1,24.2,20117,0.6,2.2,1,324.8,NW,61,4.19,1
3860384,35.6,39.8,952.1,33.1,24.2,20110,0.5,2.0,1,294.0,WNW,65,4.19,1
3863591,35.6,40.0,952.1,33.1,24.3,20099,0.5,2.0,1,309.9,NW,60,4.18,1
3866798,35.6,39.5,952.1,33.1,24.4,20115,0.4,1.7,1,13.1,NNE,60,4.18,1
3870005,35.6,40.0,952.1,33.1,24.5,20127,0.3,1.4,1,271.0,W,64,4.18,1
3873212,35.6,39.5,952.1,33.0,24.5,20099,0.3,1.4,1,290.6,WNW,64,4.19,1
3876419,35.6,39.0,952.1,33.0,24.3,20096,0.3,1.4,1,329.7,NNW,63,4.18,1
3879626,35.6,39.7,952.0,33.0,24.1,20084,0.4,1.7,1,266.2,W,63,4.19,1
3882833,35.6,39.7,952.1,33.0,24.0,20099,0.5,2.0,1,274.0,W,64,4.19,1
3886042,35.6,39.8,952.0,33.0,24.0,20094,0.6,2.2,1,257.4,WSW,58,4.19,1
3889249,35.6,39.8,952.0,33.0,24.0,20115,0.6,2.2,1,251.2,WSW,60,4.19,1
3892456,35.6,39.8,952.1,33.0,24.0,20091,0.7,2.8,1,285.3,WNW,64,4.18,1
3895663,35.6,40.0,952.1,33.0,24.0,20089,0.8,3.1,1,203.9,SSW,60,4.19,1
3898870,35.5,39.8,952.0,33.0,24.0,20089,0.7,2.8,1,295.8,WNW,61,4.18,1
3902077,35.5,39.5,952.1,33.0,23.9,20101,0.7,2.5,1,53.8,NE,61,4.18,1
3905284,35.5,39.8,952.1,33.0,24.0,20053,0.7,2.5,1,293.3,WNW,62,4.19,1
3908494,35.5,40.1,952.1,33.0,24.0,20048,0.7,2.5,1,193.2,SSW,62,4.19,1
3911700,35.5,40.0,952.1,33.0,23.9,20032,0.6,2.2,1,241.5,WSW,64,4.18,1
3914907,35.5,39.7,952.1,33.0,23.9,20034,0.4,1.7,1,255.8,WSW,59,4.19,1
3918114,35.5,40.1,952.1,33.0,24.0,20043,0.7,2.8,1,236.6,WSW,60,4.19,1
3921321,35.5,39.8,952.1,32.9,24.1,20036,0.9,3.4,1,233.9,SW,64,4.19,1
3924528,35.5,40.1,952.1,32.9,24.1,20030,1.0,3.9,1,304.4,NW,63,4.20,1
3927735,35.5,39.6,952.0,32.9,23.9,20033,0.9,3.4,1,192.5,SSW,57,4.19,1
3930944,35.5,40.2,952.1,32.9,23.8,20052,0.7,2.5,1,228.5,SW,65,4.19,1
3934151,35.5,39.5,952.1,32.9,23.8,20010,0.6,2.2,1,41.6,NE,61,4.19,1
3937358,35.5,40.0,952.0,32.9,23.8,20005,0.5,2.0,1,96.2,E,65,4.17,1
3940565,35.5,39.7,952.1,32.9,23.8,20003,0.5,2.0,1,0.9,N,63,4.19,1
3943772,35.5,40.2,952.1,32.9,23.8,20019,0.4,1.7,1,342.5,NNW,63,4.18,1
3946979,35.4,40.2,952.1,32.9,24.0,19995,0.3,1.4,1,36.9,NE,64,4.19,1
3950187,35.4,40.1,952.1,32.9,24.1,19983,0.3,1.1,1,72.7,ENE,64,4.19,1
3953395,35.4,40.2,952.1,32.9,24.2,20040,0.3,1.4,1,72.0,ENE,63,4.19,1
3956602,35.4,40.3,952.0,32.9,24.3,20039,0.3,1.1,1,81.5,E,61,4.18,1
3959809,35.4,39.9,952.1,32.9,24.3,20039,0.2,0.8,1,129.2,SE,63,4.19,1
3963016,35.4,40.1,952.1,32.9,24.3,20048,0.2,0.8,1,131.5,SE,62,4.19,1
3966223,35.4,40.0,952.0,32.9,24.3,20008,0.0,0.3,0,58.4,ENE,60,4.19,1
3969430,35.4,40.0,952.0,32.9,24.3,19988,0.0,0.0,0,333.2,NNW,61,4.19,1
3972637,35.4,39.8,952.0,32.9,24.3,19988,0.0,0.0,0,10.1,N,64,4.19,1
3975868,35.4,40.3,952.1,32.9,24.3,19993,0.0,0.0,0,28.5,NNE,60,4.18,1
3979078,35.4,39.4,952.1,32.9,24.3,19998,0.0,0.0,0,345.5,NNW,63,4.19,1
3982285,35.4,39.7,952.1,32.9,24.4,19984,0.0,0.0,0,244.8,WSW,64,4.19,1
3985492,35.4,39.7,952.0,32.9,24.5,19983,0.0,0.0,0,276.4,W,60,4.19,1
3988699,35.4,40.3,952.0,32.9,24.5,19978,0.0,0.0,0,338.3,NNW,64,4.18,1
3991906,35.4,40.1,952.1,32.9,24.5,19987,0.0,0.0,0,332.6,NNW,64,4.18,1
3995113,35.4,40.1,952.0,32.9,24.5,19967,0.0,0.0,0,317.2,NW,57,4.18,1
3998320,35.4,40.1,952.0,32.9,24.5,19955,0.0,0.0,0,299.3,WNW,61,4.17,1
4001529,35.4,39.4,952.0,32.9,24.4,19941,0.0,0.0,0,324.1,NW,64,4.19,1
4004736,35.4,39.8,952.1,32.9,24.4,19948,0.0,0.0,0,326.7,NNW,64,4.19,1
4007943,35.4,39.9,952.0,32.9,24.3,19943,0.0,0.0,0,295.4,WNW,64,4.18,1
4011150,35.4,39.8,952.0,32.9,24.3,19943,0.0,0.0,0,254.8,WSW,62,4.18,1
4014357,35.4,40.4,952.0,32.9,24.4,19956,0.0,0.0,0,307.1,NW,60,4.19,1
4017564,35.4,40.3,952.0,32.9,24.5,19947,0.0,0.0,0,259.6,W,64,4.19,1
4020771,35.4,40.2,952.0,32.9,24.5,19936,0.0,0.0,0,285.4,WNW,64,4.18,1
4023980,35.4,40.0,952.0,32.9,24.3,19961,0.0,0.3,0,324.9,NW,61,4.19,1
4027187,35.4,40.2,952.0,32.9,24.2,19961,0.1,0.6,0,312.8,NW,64,4.19,1
4030394,35.4,40.4,952.0,32.9,24.1,19960,0.2,0.8,1,246.3,WSW,60,4.18,1
4033601,35.3,40.1,952.1,32.9,24.2,19947,0.3,1.1,1,293.2,WNW,63,4.19,1
4036808,35.3,40.2,952.1,32.9,24.3,19960,0.3,1.1,1,272.0,W,60,4.18,1
4040015,35.4,39.6,952.0,32.9,24.3,19950,0.3,1.4,1,280.0,W,64,4.18,1
4043222,35.3,39.8,952.1,32.9,24.5,19948,0.3,1.4,1,276.0,W,64,4.18,1
4046430,35.3,40.1,952.1,32.9,24.5,19958,0.4,1.7,1,244.9,WSW,60,4.19,1
4049638,35.3,40.2,952.0,32.9,24.6,19941,0.3,1.4,1,301.8,WNW,60,4.19,1
4052845,35.3,39.5,952.0,32.9,24.6,19943,0.3,1.4,1,39.4,NE,62,4.18,1
4056053,35.3,40.0,952.0,32.9,24.6,19978,0.3,1.1,1,47.1,NE,64,4.19,1
4059259,35.3,39.9,952.0,32.9,24.6,19926,0.1,0.6,0,22.0,NNE,60,4.19,1
4062466,35.3,39.7,952.0,32.9,24.6,19963,0.1,0.6,0,314.7,NW,61,4.18,1
4065673,35.3,39.7,952.0,32.9,24.7,19965,0.1,0.6,0,311.8,NW,62,4.19,1
4068880,35.3,39.6,952.0,32.9,24.8,19962,0.0,0.3,0,310.7,NW,60,4.19,1
4072089,35.3,39.6,952.0,32.9,24.8,19964,0.0,0.0,0,277.8,W,63,4.18,1
4075296,35.3,40.3,952.0,32.9,24.7,19943,0.0,0.0,0,318.7,NW,57,4.18,1
4078503,35.3,39.5,952.0,32.9,24.7,19947,0.0,0.0,0,351.8,N,65,4.18,1
4081710,35.3,40.3,952.0,32.9,24.7,19938,0.0,0.0,0,279.5,W,61,4.18,1
4084917,35.3,40.3,952.0,32.9,24.6,19925,0.0,0.0,0,282.0,WNW,61,4.19,1
4088124,35.3,40.2,952.0,32.9,24.5,19932,0.0,0.0,0,302.9,WNW,63,4.18,1
4091331,35.3,40.0,952.0,32.9,24.6,19937,0.0,0.0,0,289.4,WNW,63,4.19,1
4094540,35.3,40.0,952.0,32.8,24.6,19946,0.0,0.0,0,290.0,WNW,61,4.19,1
4097747,35.3,40.0,952.0,32.8,24.6,19948,0.0,0.0,0,201.9,SSW,64,4.18,1
4100954,35.3,40.5,952.0,32.8,24.7,19924,0.0,0.0,0,224.8,SW,62,4.19,1
4104161,35.3,40.4,952.1,32.8,24.9,19910,0.0,0.0,0,291.4,WNW,60,4.19,1
4107368,35.3,40.3,952.0,32.8,25.3,19880,0.0,0.0,0,19.5,NNE,62,4.18,1
4110575,35.3,40.1,952.1,32.8,25.4,19893,0.0,0.0,0,55.0,NE,64,4.18,1
4113782,35.3,40.5,952.0,32.8,25.6,19893,0.0,0.0,0,340.0,NNW,62,4.19,1
4116989,35.3,40.1,952.0,32.8,25.7,19889,0.0,0.0,0,304.6,NW,60,4.18,1
4120198,35.3,40.5,952.0,32.8,25.7,19893,0.0,0.0,0,278.7,W,60,4.18,1
4123405,35.3,40.2,952.0,32.8,25.5,19897,0.0,0.0,0,281.4,WNW,64,4.19,1
4126612,35.3,40.0,952.0,32.8,25.1,19921,0.3,1.1,1,247.0,WSW,59,4.18,1
4129819,35.3,40.3,952.0,32.8,25.1,19936,0.8,3.1,1,140.1,SE,60,4.19,1
4133026,35.3,40.5,952.0,32.8,25.0,19943,0.7,2.8,1,269.5,W,65,4.19,1
4136233,35.3,40.1,952.1,32.8,24.9,19910,0.7,2.8,1,5.0,N,64,4.18,1
4139440,35.3,40.6,952.0,32.8,24.4,19931,1.0,3.6,1,222.4,SW,65,4.18,1
4142649,35.3,39.5,952.0,32.8,24.2,19935,1.3,4.8,1,214.7,SW,61,4.18,1
4145856,35.3,40.3,952.0,32.8,24.0,19928,1.2,4.5,1,320.3,NW,61,4.18,1
4149063,35.3,39.7,952.0,32.8,23.9,19923,1.0,3.6,1,297.7,WNW,61,4.19,1
4152270,35.3,40.0,951.9,32.8,23.8,19923,0.8,3.1,1,178.0,S,62,4.18,1
4155477,35.3,39.8,952.0,32.8,23.8,19923,0.7,2.8,1,222.7,SW,60,4.18,1
4158684,35.3,40.1,952.0,32.8,23.9,19908,0.7,2.5,1,0.8,N,63,4.19,1
4161891,35.3,40.1,951.9,32.8,23.9,19898,0.6,2.2,1,27.1,NNE,64,4.19,1
4165100,35.3,40.5,952.1,32.8,23.9,19921,0.5,2.0,1,13.3,NNE,61,4.19,1
4168307,35.3,40.7,952.0,32.8,23.9,19931,0.4,1.7,1,41.3,NE,60,4.19,1
4171514,35.3,39.9,952.0,32.8,24.0,19918,0.3,1.4,1,47.3,NE,64,4.19,1
4174721,35.3,40.1,952.0,32.8,24.0,19933,0.3,1.4,1,43.6,NE,64,4.19,1
4177928,35.3,40.1,952.0,32.8,24.0,19953,0.3,1.4,1,41.3,NE,63,4.18,1
4181135,35.3,40.1,952.0,32.8,24.1,19935,0.3,1.4,1,7.1,N,65,4.19,1
4184342,35.3,40.6,952.0,32.8,24.2,19944,0.2,0.8,1,295.4,WNW,62,4.19,1
4187549,35.3,39.8,952.0,32.8,24.2,19957,0.2,0.8,1,353.1,N,62,4.19,1
4190758,35.3,40.4,952.0,32.8,24.1,19935,0.3,1.1,1,300.9,WNW,64,4.19,1
4193965,35.3,39.8,952.0,32.8,24.2,19910,0.3,1.1,1,257.5,WSW,60,4.19,1
4197172,35.3,40.4,952.0,32.8,24.2,19910,0.4,1.7,1,343.3,NNW,61,4.20,1
4200379,35.3,39.6,952.0,32.8,24.3,19911,0.9,3.4,1,263.5,W,63,4.19,1
4203586,35.3,40.6,952.0,32.8,24.3,19925,1.0,3.6,1,246.4,WSW,63,4.17,1
4206793,35.3,39.6,952.0,32.8,24.2,19913,0.8,3.1,1,2.6,N,65,4.19,1
4210000,35.3,40.4,952.0,32.8,24.2,19917,0.9,3.4,1,280.5,W,65,4.20,1
4213210,35.3,40.4,952.0,32.8,24.2,19893,0.7,2.8,1,270.6,W,62,4.18,1
4216416,35.3,40.4,952.0,32.8,24.2,19881,0.7,2.5,1,133.6,SE,64,4.19,1
4219623,35.3,40.6,952.0,32.8,24.2,19893,0.6,2.2,1,191.6,SSW,63,4.19,1
4222830,35.3,40.4,952.0,32.8,24.3,19876,0.6,2.2,1,342.4,NNW,65,4.19,1
4226037,35.3,40.3,952.0,32.8,24.3,19883,0.7,2.5,1,348.8,N,61,4.18,1
4229244,35.3,40.3,952.0,32.8,24.3,19899,0.6,2.2,1,143.5,SE,65,4.18,1
4232451,35.3,39.9,951.9,32.8,24.7,19894,0.8,3.1,1,127.3,SE,60,4.19,1
4235660,35.3,40.5,952.0,32.8,24.8,19876,1.0,3.6,1,29.2,NNE,61,4.19,1
4238867,35.3,39.7,952.0,32.8,24.8,19870,1.0,3.6,1,156.8,SSE,65,4.18,1
4242074,35.3,39.7,952.0,32.8,24.8,19840,0.8,3.1,1,21.0,NNE,62,4.19,1
4245281,35.3,40.2,952.0,32.8,24.8,19878,0.8,3.1,1,95.0,E,65,4.19,1
4248488,35.3,40.5,951.9,32.8,24.7,19894,0.7,2.8,1,47.3,NE,60,4.19,1
4251695,35.3,40.2,952.0,32.8,24.6,19873,0.7,2.8,1,93.3,E,63,4.19,1
4254902,35.3,39.8,952.0,32.8,24.6,19873,0.8,3.1,1,42.5,NE,65,4.19,1
4258109,35.3,40.4,952.0,32.8,24.5,19874,0.9,3.4,1,77.9,ENE,65,4.19,1
4261318,35.3,40.3,952.0,32.8,24.5,19868,0.7,2.8,1,54.2,NE,61,4.19,1
4264525,35.3,40.3,952.0,32.8,24.5,19852,0.7,2.8,1,135.7,SE,63,4.19,1
4267732,35.3,40.5,952.0,32.8,24.6,19868,0.7,2.8,1,18.2,NNE,63,4.19,1
4270939,35.3,40.6,951.9,32.8,24.6,19867,0.6,2.2,1,203.9,SSW,63,4.19,1
4274146,35.3,40.5,952.0,32.8,24.8,19851,0.5,2.0,1,357.4,N,65,4.19,1
4277353,35.3,40.3,952.0,32.8,24.9,19837,0.5,2.0,1,276.9,W,64,4.18,1
4280560,35.3,40.6,952.0,32.8,24.9,19847,0.4,1.7,1,64.5,ENE,62,4.18,1
4283769,35.3,40.4,952.0,32.8,24.8,19837,0.3,1.1,1,129.9,SE,63,4.19,1
4286976,35.3,40.6,952.0,32.8,24.7,19844,0.2,0.8,1,89.9,E,62,4.19,1
4290183,35.3,40.5,952.1,32.8,24.6,19849,0.2,0.8,1,305.1,NW,61,4.18,1
4293390,35.3,40.5,952.0,32.8,24.6,19831,0.1,0.6,0,189.4,S,62,4.19,1
4296597,35.3,40.4,952.0,32.8,24.6,19834,0.1,0.6,0,248.7,WSW,60,4.19,1
4299804,35.3,40.2,952.0,32.8,24.4,19828,0.2,0.8,1,300.2,WNW,61,4.19,1
4303011,35.3,40.3,952.0,32.8,24.3,19853,0.3,1.1,1,239.2,WSW,61,4.18,1
4306220,35.3,40.5,952.0,32.8,24.4,19808,0.3,1.4,1,296.3,WNW,61,4.19,1
4309428,35.3,40.3,951.9,32.8,24.5,19838,0.3,1.4,1,297.5,WNW,63,4.18,1
4312634,35.3,40.4,951.9,32.8,24.4,19816,0.3,1.4,1,300.3,WNW,60,4.19,1
4315841,35.3,40.4,952.0,32.8,24.4,19813,0.3,1.4,1,270.1,W,65,4.18,1
4319048,35.3,40.3,952.0,32.8,24.4,19820,0.3,1.4,1,261.4,W,61,4.18,1
4322255,35.3,40.3,952.0,32.8,24.3,19786,0.3,1.4,1,287.7,WNW,65,4.19,1
4325462,35.3,40.7,952.0,32.8,24.2,19829,0.3,1.1,1,337.4,NNW,62,4.19,1
4328669,35.3,40.4,952.0,32.8,24.3,19831,0.2,0.8,1,332.4,NNW,64,4.19,1
4331878,35.3,40.3,951.9,32.8,24.3,19813,0.0,0.3,0,338.7,NNW,61,4.19,1
4335085,35.3,39.9,952.0,32.8,24.3,19841,0.0,0.3,0,338.1,NNW,60,4.19,1
4338292,35.3,40.0,951.9,32.8,24.3,19834,0.0,0.0,0,346.8,NNW,65,4.19,1
4341499,35.3,40.4,952.0,32.8,24.3,19809,0.0,0.0,0,9.2,N,62,4.18,1
4344706,35.3,40.6,952.0,32.8,24.2,19806,0.0,0.0,0,341.8,NNW,64,4.19,1
4347913,35.3,40.2,951.9,32.8,24.1,19816,0.0,0.3,0,279.6,W,61,4.19,1
4351120,35.3,40.2,952.0,32.8,23.7,19802,0.1,0.6,0,271.6,W,65,4.19,1
4354331,35.3,40.2,951.9,32.9,23.5,19795,0.3,1.4,1,282.6,WNW,62,4.19,1
4357538,35.3,40.5,952.0,32.9,23.5,19793,0.5,2.0,1,288.4,WNW,63,4.19,1
4360745,35.3,40.5,952.0,32.9,23.7,19795,0.4,1.7,1,25.8,NNE,63,4.19,1
4363952,35.3,40.3,952.0,32.8,23.9,19796,0.3,1.4,1,65.4,ENE,60,4.19,1
4367159,35.3,40.2,952.0,32.8,23.9,19779,0.3,1.1,1,351.0,N,63,4.19,1
4370366,35.3,40.4,952.0,32.8,24.0,19802,0.3,1.1,1,241.3,WSW,59,4.18,1
4373573,35.3,39.7,952.0,32.8,24.1,19798,0.2,0.8,1,248.0,WSW,65,4.18,1
4376782,35.3,40.6,952.0,32.8,24.1,19800,0.2,0.8,1,326.0,NW,62,4.19,1
4379989,35.3,40.2,952.0,32.8,23.9,19770,0.1,0.6,0,268.9,W,65,4.19,1
4383196,35.3,40.5,952.0,32.8,23.8,19768,0.3,1.4,1,232.8,SW,63,4.18,1
4386403,35.3,40.2,952.0,32.8,23.8,19768,0.7,2.8,1,304.9,NW,65,4.19,1
4389610,35.3,40.0,952.0,32.8,23.7,19745,0.8,3.1,1,258.4,WSW,65,4.19,1
4392817,35.3,40.3,952.0,32.8,23.5,19757,1.1,4.2,1,172.2,S,63,4.18,1
4396024,35.3,39.8,951.9,32.8,23.4,19758,1.1,4.2,1,321.3,NW,65,4.20,1
4399231,35.3,40.0,952.0,32.8,23.4,19756,1.0,3.6,1,1.3,N,61,4.19,1
4402440,35.3,39.7,952.0,32.8,23.1,19744,1.0,3.6,1,206.7,SSW,65,4.18,1
4405647,35.3,39.8,952.0,32.8,23.1,19744,0.9,3.4,1,299.2,WNW,64,4.19,1
4408854,35.3,40.0,952.0,32.8,23.3,19740,0.8,3.1,1,298.6,WNW,65,4.19,1
4412061,35.3,39.7,952.0,32.8,23.4,19733,0.7,2.8,1,309.0,NW,63,4.19,1
4415268,35.3,40.2,952.0,32.8,23.6,19732,0.7,2.5,1,323.5,NW,62,4.19,1
4418475,35.3,40.2,951.9,32.8,23.7,19714,0.6,2.2,1,316.4,NW,63,4.18,1
4421683,35.3,40.0,952.0,32.8,23.8,19733,0.5,2.0,1,323.5,NW,62,4.18,1
4424891,35.3,39.7,951.9,32.8,23.8,19718,0.5,2.0,1,317.5,NW,63,4.19,1
4428098,35.3,40.2,952.0,32.8,23.7,19713,0.5,2.0,1,312.5,NW,65,4.20,1
4431305,35.3,39.6,951.9,32.8,23.8,19715,0.5,2.0,1,301.8,WNW,65,4.19,1
4434512,35.3,40.3,952.0,32.8,23.8,19705,0.4,1.7,1,321.5,NW,62,4.19,1
4437719,35.3,40.0,952.0,32.8,23.8,19715,0.3,1.4,1,276.7,W,65,4.19,1
4440926,35.3,40.3,951.9,32.8,23.8,19708,0.3,1.4,1,287.4,WNW,62,4.19,1
4444133,35.3,39.8,951.9,32.8,23.8,19683,0.3,1.4,1,284.7,WNW,63,4.19,1
4447342,35.3,40.2,952.0,32.8,23.8,19692,0.3,1.1,1,320.8,NW,63,4.19,1
4450549,35.3,39.8,951.9,32.7,23.8,19680,0.2,0.8,1,349.3,N,62,4.19,1
4453756,35.3,40.5,951.9,32.7,23.7,19667,0.3,1.1,1,291.8,WNW,62,4.19,1
4456963,35.3,39.8,951.9,32.7,23.8,19665,0.2,0.8,1,241.7,WSW,63,4.19,1
4460170,35.3,40.4,952.0,32.7,23.8,19662,0.2,0.8,1,13.5,NNE,62,4.19,1
4463377,35.3,40.1,952.0,32.7,23.8,19678,0.3,1.1,1,162.7,SSE,64,4.19,1
4466585,35.3,40.4,952.0,32.7,23.8,19668,0.3,1.1,1,296.7,WNW,62,4.18,1
4469793,35.3,39.8,951.9,32.7,23.5,19664,0.3,1.1,1,265.9,W,63,4.19,1
4473000,35.3,40.0,952.0,32.7,23.4,19654,0.4,1.7,1,279.0,W,62,4.18,1
4476207,35.3,39.9,952.0,32.7,23.5,19663,0.4,1.7,1,4.1,N,65,4.19,1
4479414,35.3,40.5,951.9,32.7,23.4,19658,0.7,2.5,1,251.3,WSW,65,4.19,1
4482621,35.3,40.2,951.9,32.7,23.5,19640,0.7,2.5,1,33.6,NNE,63,4.19,1
4485828,35.3,40.0,952.0,32.7,23.5,19634,0.6,2.2,1,235.5,SW,63,4.19,1
4489035,35.3,39.8,951.9,32.7,23.3,19634,0.7,2.5,1,283.3,WNW,65,4.20,1
4492242,35.3,40.5,952.0,32.7,23.2,19651,0.5,2.0,1,316.0,NW,63,4.18,1
4495452,35.3,39.7,951.9,32.7,23.2,19633,0.7,2.5,1,294.8,WNW,64,4.20,1
4498658,35.3,40.3,952.0,32.7,23.2,19633,0.7,2.5,1,23.0,NNE,63,4.20,1
4501865,35.3,40.1,952.0,32.7,23.4,19627,0.7,2.5,1,326.6,NNW,64,4.18,1
4505072,35.3,39.7,952.0,32.7,23.3,19629,1.0,3.6,1,71.9,ENE,62,4.19,1
4508279,35.3,39.9,952.0,32.7,23.2,19622,1.0,3.6,1,333.3,NNW,65,4.18,1
4511486,35.3,40.0,952.0,32.7,23.2,19632,0.8,3.1,1,181.5,S,60,4.20,1
4514693,35.3,40.2,952.0,32.7,23.0,19613,1.0,3.6,1,342.4,NNW,64,4.19,1
4517913,35.3,39.8,951.9,32.7,23.1,19607,1.0,3.6,1,295.4,WNW,62,4.19,1
4521119,35.3,39.7,951.9,32.7,23.1,19608,0.9,3.4,1,288.2,WNW,61,4.19,1
4524326,35.3,40.0,951.9,32.7,23.1,19590,0.8,3.1,1,314.6,NW,63,4.19,1
4527533,35.3,39.9,952.0,32.7,23.2,19577,0.8,3.1,1,22.5,NNE,65,4.19,1
4530740,35.3,39.8,951.9,32.7,23.2,19583,0.7,2.8,1,3.1,N,62,4.18,1
4533947,35.3,39.7,951.9,32.7,23.4,19585,0.6,2.2,1,250.0,WSW,62,4.19,1
4537154,35.3,40.6,952.0,32.6,23.4,19571,0.5,2.0,1,178.5,S,64,4.19,1
4540363,35.3,40.0,952.0,32.6,23.4,19577,0.4,1.7,1,116.3,ESE,64,4.20,1
4543570,35.3,39.8,951.9,32.6,23.5,19592,0.4,1.7,1,260.4,W,65,4.18,1
4546777,35.3,39.6,951.9,32.6,23.5,19572,0.3,1.4,1,171.2,S,62,4.19,1
4549984,35.3,40.2,952.0,32.6,23.6,19584,0.3,1.1,1,145.2,SE,63,4.20,1
4553191,35.3,40.1,951.9,32.6,23.7,19599,0.3,1.4,1,352.7,N,59,4.19,1
4556398,35.3,40.4,951.9,32.6,23.7,19574,0.3,1.1,1,180.4,S,65,4.18,1
4559605,35.3,40.0,951.9,32.6,23.7,19588,0.3,1.1,1,154.4,SSE,65,4.18,1
4562812,35.3,39.8,951.9,32.6,23.7,19583,0.3,1.4,1,349.3,N,60,4.19,1
4566022,35.3,39.8,951.9,32.6,23.7,19603,0.3,1.4,1,56.2,NE,62,4.18,1
4569228,35.3,40.2,952.0,32.6,23.6,19589,0.3,1.4,1,246.9,WSW,61,4.19,1
4572435,35.3,40.5,951.9,32.6,23.5,19580,0.3,1.4,1,265.6,W,64,4.19,1
4575642,35.3,40.4,951.9,32.6,23.5,19589,0.5,2.0,1,334.9,NNW,64,4.18,1
4578850,35.3,40.6,951.9,32.6,23.5,19573,0.5,2.0,1,316.1,NW,61,4.19,1
4582056,35.3,40.4,951.9,32.6,23.6,19558,0.5,2.0,1,279.5,W,61,4.17,1
4585263,35.3,39.8,951.9,32.6,23.7,19573,0.4,1.7,1,280.3,W,60,4.19,1
4588472,35.3,40.6,952.0,32.6,23.7,19542,0.4,1.7,1,275.9,W,65,4.19,1
4591679,35.3,40.4,951.9,32.6,23.7,19551,0.3,1.4,1,289.8,WNW,63,4.19,1
4594886,35.3,40.3,952.0,32.6,23.8,19540,0.4,1.7,1,324.0,NW,63,4.18,1
4598093,35.3,39.6,951.9,32.6,23.8,19546,0.3,1.1,1,323.9,NW,62,4.19,1
4601300,35.3,39.8,951.9,32.6,24.0,19533,0.3,1.4,1,319.5,NW,61,4.18,1
4604507,35.3,39.6,952.0,32.6,24.0,19520,0.3,1.4,1,323.3,NW,59,4.19,1
4607715,35.3,40.0,951.9,32.6,24.1,19548,0.3,1.1,1,323.9,NW,61,4.19,1
4610923,35.3,40.0,951.9,32.6,24.2,19524,0.3,1.1,1,322.1,NW,63,4.19,1
4614130,35.3,40.4,951.9,32.6,24.2,19504,0.2,0.8,1,321.3,NW,65,4.19,1
4617337,35.3,39.8,951.9,32.6,24.3,19509,0.1,0.6,0,321.9,NW,61,4.17,1
4620544,35.3,40.3,952.0,32.6,24.3,19495,0.3,1.1,1,302.7,WNW,62,4.19,1
4623751,35.3,39.8,951.9,32.6,24.1,19499,0.4,1.7,1,277.6,W,62,4.18,1
4626958,35.3,40.2,952.0,32.6,23.9,19493,0.4,1.7,1,265.4,W,60,4.19,1
4630165,35.3,40.1,952.0,32.6,23.4,19513,0.7,2.8,1,306.5,NW,65,4.19,1
4633372,35.3,40.6,952.0,32.6,23.2,19503,0.8,3.1,1,260.4,W,64,4.19,1
4636581,35.4,40.5,952.0,32.6,23.1,19508,1.1,4.2,1,349.7,N,60,4.19,1
4639788,35.4,40.2,951.9,32.6,23.1,19493,0.9,3.4,1,275.1,W,58,4.19,1
4642995,35.4,40.2,952.0,32.6,23.0,19494,0.9,3.4,1,275.8,W,59,4.19,1
4646202,35.4,40.5,951.9,32.6,23.0,19480,0.7,2.8,1,5.3,N,62,4.19,1
4649409,35.4,40.2,951.9,32.6,23.2,19463,0.7,2.5,1,65.3,ENE,63,4.19,1
4652616,35.4,40.6,951.9,32.6,23.3,19467,0.6,2.2,1,31.3,NNE,60,4.19,1
4655823,35.4,40.1,952.0,32.6,23.4,19467,0.4,1.7,1,248.4,WSW,64,4.18,1
4659032,35.4,39.7,952.0,32.6,23.3,19464,0.4,1.7,1,244.2,WSW,63,4.18,1
4662239,35.4,40.3,952.0,32.6,23.4,19474,0.4,1.7,1,277.4,W,62,4.19,1
4665446,35.4,40.3,952.0,32.6,23.4,19453,0.3,1.4,1,344.7,NNW,62,4.19,1
4668653,35.4,39.7,951.9,32.6,23.4,19449,0.3,1.4,1,325.1,NW,65,4.19,1
4671860,35.4,40.4,951.9,32.5,23.4,19435,0.3,1.4,1,238.1,WSW,63,4.18,1
4675067,35.4,40.2,952.0,32.5,23.3,19440,0.3,1.4,1,304.1,NW,61,4.19,1
4678274,35.4,40.3,952.0,32.5,23.3,19419,0.3,1.4,1,274.4,W,64,4.19,1
4681483,35.4,40.2,952.0,32.5,23.4,19436,0.3,1.4,1,262.9,W,64,4.19,1
4684690,35.4,40.1,952.0,32.5,23.5,19424,0.4,1.7,1,323.0,NW,64,4.19,1
4687898,35.4,39.6,951.9,32.5,23.4,19438,0.7,2.8,1,218.0,SW,62,4.19,1
4691104,35.4,40.5,952.0,32.5,23.4,19431,0.7,2.8,1,215.0,SW,64,4.19,1
4694311,35.4,39.9,951.9,32.5,23.5,19441,0.6,2.2,1,296.1,WNW,65,4.18,1
4697518,35.4,40.0,952.0,32.5,23.6,19435,0.6,2.2,1,123.8,SE,60,4.19,1
4700725,35.4,39.8,951.9,32.5,23.6,19432,0.5,2.0,1,253.7,WSW,62,4.19,1
4703932,35.4,40.0,952.0,32.5,23.6,19413,0.4,1.7,1,12.0,NNE,65,4.19,1
4707141,35.4,39.6,951.9,32.5,23.7,19431,0.3,1.4,1,314.3,NW,65,4.17,1
4710348,35.3,39.6,951.9,32.5,23.7,19425,0.3,1.4,1,323.2,NW,64,4.17,1
4713556,35.4,40.0,952.0,32.5,23.6,19408,0.3,1.4,1,292.1,WNW,60,4.18,1
4716762,35.4,40.6,952.0,32.5,23.7,19403,0.4,1.7,1,337.7,NNW,64,4.19,1
4719969,35.4,40.2,951.9,32.5,23.8,19435,0.4,1.7,1,5.6,N,60,4.18,1
4723176,35.4,40.3,951.9,32.5,23.8,19409,0.3,1.4,1,348.3,NNW,62,4.19,1
4726383,35.4,39.9,952.0,32.5,23.8,19391,0.3,1.4,1,263.3,W,62,4.18,1
4729594,35.4,40.2,951.9,32.5,23.8,19438,0.4,1.7,1,332.0,NNW,60,4.19,1
4732801,35.4,40.0,951.9,32.5,23.8,19420,0.3,1.4,1,342.5,NNW,63,4.19,1
4736008,35.4,40.7,952.0,32.5,23.8,19411,0.4,1.7,1,231.9,SW,62,4.19,1
4739215,35.4,40.0,952.0,32.5,24.0,19418,0.6,2.2,1,226.6,SW,62,4.18,1
4742422,35.4,40.3,952.0,32.5,23.9,19430,0.6,2.2,1,309.4,NW,62,4.19,1
4745629,35.4,39.7,952.0,32.5,24.0,19418,0.6,2.2,1,247.8,WSW,61,4.18,1
4748836,35.4,40.5,951.9,32.5,24.0,19410,0.7,2.8,1,257.5,WSW,63,4.18,1
4752045,35.4,40.3,951.9,32.5,23.9,19414,0.8,3.1,1,277.3,W,62,4.18,1
4755252,35.4,40.3,951.9,32.5,23.8,19404,0.7,2.8,1,276.9,W,64,4.19,1
4758459,35.4,39.7,951.9,32.5,23.8,19412,0.7,2.5,1,297.6,WNW,63,4.18,1
4761666,35.4,40.1,951.9,32.5,23.8,19407,0.7,2.5,1,293.2,WNW,65,4.18,1
4764873,35.4,40.3,951.9,32.5,23.7,19385,0.5,2.0,1,289.6,WNW,62,4.18,1
4768080,35.4,39.9,951.9,32.5,23.7,19389,0.5,2.0,1,283.5,WNW,61,4.19,1
4771287,35.4,40.0,951.9,32.5,23.7,19380,0.5,2.0,1,284.5,WNW,60,4.19,1
4774494,35.4,40.3,951.9,32.5,23.7,19394,0.6,2.2,1,245.2,WSW,60,4.19,1
4777703,35.4,39.7,951.9,32.5,23.7,19411,0.6,2.2,1,272.0,W,65,4.18,1
4780910,35.4,40.2,951.9,32.5,23.7,19412,0.5,2.0,1,270.6,W,65,4.19,1
4784117,35.4,39.6,951.9,32.5,23.7,19408,0.4,1.7,1,267.8,W,60,4.19,1
4787324,35.4,40.1,951.9,32.5,23.7,19388,0.4,1.7,1,291.6,WNW,64,4.18,1
4790531,35.4,39.8,951.9,32.5,23.6,19429,0.4,1.7,1,265.4,W,62,4.20,1
4793738,35.4,40.2,951.9,32.5,23.5,19403,0.5,2.0,1,270.2,W,63,4.18,1
4796946,35.4,40.7,951.9,32.5,23.7,19398,0.5,2.0,1,287.6,WNW,63,4.19,1
4800155,35.4,40.4,952.0,32.5,23.9,19403,0.6,2.2,1,283.5,WNW,62,4.19,1
4803362,35.4,40.7,951.9,32.5,23.8,19409,0.5,2.0,1,278.0,W,65,4.19,1
4806569,35.4,40.2,952.0,32.5,23.9,19393,0.5,2.0,1,272.2,W,62,4.19,1
4809776,35.4,40.0,951.9,32.4,23.9,19399,0.4,1.7,1,270.0,W,62,4.18,1
4812983,35.4,40.3,951.9,32.4,23.9,19408,0.4,1.7,1,259.8,W,65,4.19,1
4816190,35.4,40.3,951.9,32.4,23.9,19377,0.5,2.0,1,303.1,WNW,65,4.19,1
4819398,35.4,40.2,952.0,32.4,24.0,19383,1.0,3.6,1,160.4,SSE,62,4.19,1
4822607,35.4,40.3,951.9,32.4,24.0,19379,1.2,4.5,1,297.2,WNW,65,4.18,1
4825814,35.4,40.1,951.9,32.4,24.1,19372,1.3,4.8,1,239.1,WSW,62,4.18,1
4829021,35.4,39.7,951.9,32.4,24.1,19378,1.1,4.2,1,261.8,W,65,4.19,1
4832228,35.4,40.5,951.9,32.4,23.8,19402,1.2,4.5,1,308.5,NW,62,4.19,1
4835435,35.4,39.8,952.0,32.4,23.7,19375,1.0,3.9,1,338.2,NNW,65,4.17,1
4838642,35.4,40.1,951.9,32.4,23.8,19373,1.0,3.6,1,237.6,WSW,62,4.18,1
4841849,35.3,39.8,951.9,32.4,23.9,19389,0.8,3.1,1,203.9,SSW,61,4.18,1
4845056,35.4,40.4,951.9,32.4,23.9,19381,0.8,3.1,1,200.8,SSW,63,4.17,1
4848265,35.3,40.1,951.8,32.4,23.9,19371,0.7,2.8,1,200.3,SSW,63,4.18,1
4851472,35.3,39.6,951.9,32.4,23.8,19360,0.6,2.2,1,188.6,S,64,4.19,1
4854680,35.3,40.1,951.9,32.4,23.7,19363,0.5,2.0,1,144.3,SE,60,4.19,1
4857886,35.3,40.5,951.9,32.4,23.7,19350,0.4,1.7,1,43.0,NE,62,4.19,1
4861093,35.3,40.5,951.9,32.4,23.7,19395,0.3,1.4,1,294.7,WNW,61,4.18,1
4864300,35.4,40.3,951.9,32.4,23.7,19375,0.3,1.4,1,287.6,WNW,64,4.17,1
4867507,35.3,39.6,951.9,32.4,23.7,19371,0.3,1.1,1,345.6,NNW,64,4.19,1
4870716,35.3,40.1,951.9,32.4,23.7,19398,0.3,1.1,1,6.2,N,63,4.19,1
4873923,35.3,40.3,951.9,32.4,23.7,19364,0.2,0.8,1,344.7,NNW,64,4.18,1
4877131,35.4,40.3,951.9,32.4,23.7,19368,0.3,1.1,1,165.9,SSE,65,4.19,1
4880337,35.3,40.6,951.8,32.4,23.8,19353,0.3,1.1,1,106.6,ESE,65,4.18,1
4883544,35.4,40.4,951.9,32.4,23.9,19353,0.3,1.1,1,189.3,S,61,4.19,1
4886751,35.4,40.0,951.9,32.4,24.0,19334,0.4,1.7,1,65.4,ENE,62,4.19,1
4889958,35.4,40.4,951.9,32.4,24.0,19364,0.4,1.7,1,81.0,E,65,4.18,1
4893167,35.4,39.8,952.0,32.4,24.0,19355,0.6,2.2,1,302.2,WNW,63,4.19,1
4896374,35.4,40.0,951.9,32.4,24.1,19341,0.7,2.8,1,34.9,NE,61,4.18,1
4899581,35.4,39.6,951.9,32.4,24.1,19330,0.8,3.1,1,87.0,E,61,4.18,1
4902788,35.4,40.5,951.9,32.4,24.1,19358,0.7,2.8,1,60.2,ENE,61,4.20,1
4905995,35.4,39.9,951.9,32.5,24.0,19360,0.7,2.5,1,41.5,NE,63,4.18,1
4909202,35.4,40.4,952.0,32.5,23.9,19347,0.7,2.5,1,61.2,ENE,65,4.18,1
4912409,35.4,39.5,951.9,32.5,23.9,19318,0.6,2.2,1,23.8,NNE,58,4.19,1
4915616,35.4,40.2,952.0,32.5,23.9,19350,0.5,2.0,1,27.9,NNE,60,4.19,1
4918825,35.4,40.1,951.8,32.5,23.8,19354,0.4,1.7,1,31.7,NNE,62,4.19,1
4922032,35.4,40.2,951.9,32.5,23.9,19369,0.3,1.4,1,46.6,NE,62,4.19,1
4925239,35.4,39.9,951.9,32.5,23.9,19307,0.3,1.4,1,75.6,ENE,65,4.20,1
4928446,35.4,40.2,952.0,32.5,24.0,19348,0.4,1.7,1,64.9,ENE,65,4.19,1
4931653,35.4,40.1,951.9,32.5,24.1,19336,0.5,2.0,1,87.5,E,61,4.18,1
4934860,35.4,40.0,951.9,32.5,24.2,19342,0.5,2.0,1,74.4,ENE,63,4.19,1
4938067,35.5,39.8,951.9,32.5,24.2,19317,0.6,2.2,1,26.1,NNE,64,4.19,1
4941276,35.5,40.2,951.9,32.5,24.2,19298,0.5,2.0,1,49.1,NE,65,4.19,1
4944483,35.5,39.5,951.8,32.5,24.2,19318,0.3,1.4,1,39.2,NE,62,4.18,1
4947690,35.5,40.5,951.9,32.5,24.2,19322,0.4,1.7,1,76.6,ENE,61,4.19,1
4950897,35.5,39.9,952.0,32.5,24.3,19292,0.3,1.4,1,35.4,NE,62,4.19,1
4954104,35.5,39.8,951.9,32.5,24.4,19309,0.3,1.1,1,53.1,NE,62,4.18,1
4957311,35.5,40.2,951.8,32.6,24.6,19328,0.3,1.4,1,88.8,E,63,4.18,1
4960518,35.5,39.9,951.9,32.6,24.5,19307,0.4,1.7,1,47.9,NE,65,4.18,1
4963727,35.5,39.9,951.9,32.6,24.4,19307,0.4,1.7,1,80.8,E,62,4.18,1
4966934,35.5,40.2,951.9,32.6,24.3,19306,0.4,1.7,1,58.1,ENE,64,4.17,1
4970141,35.5,39.9,951.9,32.6,24.3,19267,0.5,2.0,1,95.7,E,65,4.17,1
4973348,35.5,40.4,951.9,32.6,24.3,19315,0.6,2.2,1,57.7,ENE,61,4.19,1
4976555,35.5,39.4,951.8,32.6,24.2,19290,0.7,2.5,1,79.5,E,62,4.18,1
4979762,35.5,40.2,951.8,32.6,24.2,19323,0.6,2.2,1,62.8,ENE,60,4.18,1
4982969,35.5,40.1,951.9,32.6,24.2,19307,0.7,2.5,1,82.6,E,62,4.18,1
4986176,35.5,40.2,951.9,32.6,24.3,19300,0.7,2.5,1,69.0,ENE,64,4.18,1
4989385,35.5,40.0,951.9,32.7,24.4,19336,0.6,2.2,1,77.4,ENE,62,4.19,1
4992592,35.5,40.1,951.9,32.7,24.6,19264,0.5,2.0,1,69.0,ENE,62,4.19,1
4995799,35.5,39.3,951.8,32.7,24.6,19329,0.5,2.0,1,75.5,ENE,63,4.18,1
4999006,35.5,40.3,951.9,32.7,24.6,19326,0.4,1.7,1,80.5,E,65,4.18,1
5002213,35.5,40.3,951.9,32.7,24.6,19285,0.4,1.7,1,57.0,ENE,63,4.19,1
5005420,35.6,39.9,951.8,32.7,24.5,19288,0.4,1.7,1,31.2,NNE,60,4.18,1
5008627,35.6,40.3,951.9,32.7,24.4,19317,0.4,1.7,1,80.6,E,62,4.17,1
5011836,35.6,40.3,951.9,32.7,24.4,19253,0.3,1.4,1,50.2,NE,62,4.18,1
5015043,35.6,40.1,951.9,32.7,24.3,19300,0.3,1.4,1,21.1,NNE,61,4.18,1
5018250,35.6,40.2,951.9,32.8,24.3,19276,0.3,1.4,1,37.0,NE,65,4.18,1
5021457,35.6,39.9,951.9,32.8,24.3,19272,0.3,1.1,1,35.6,NE,59,4.19,1
5024665,35.6,40.2,951.9,32.8,24.2,19268,0.2,0.8,1,50.8,NE,65,4.18,1
5027871,35.6,40.1,952.0,32.8,24.2,19260,0.2,0.8,1,49.4,NE,65,4.18,1
5031078,35.6,39.7,951.9,32.8,24.2,19264,0.2,0.8,1,57.5,ENE,60,4.18,1
5034287,35.6,40.3,951.9,32.8,24.3,19249,0.1,0.6,0,39.6,NE,61,4.19,1
5037494,35.6,40.3,951.9,32.8,24.5,19269,0.2,0.8,1,77.8,ENE,61,4.19,1
5040701,35.6,40.0,951.9,32.8,24.5,19290,0.3,1.1,1,90.0,E,62,4.18,1
5043908,35.6,40.1,951.9,32.8,24.6,19278,0.4,1.7,1,47.0,NE,60,4.19,1
5047116,35.6,40.0,951.9,32.8,24.6,19298,0.3,1.4,1,87.8,E,61,4.18,1
5050322,35.7,39.7,951.8,32.9,24.6,19248,0.4,1.7,1,70.4,ENE,62,4.19,1
5053529,35.7,40.2,951.9,32.9,24.7,19250,0.7,2.8,1,70.4,ENE,65,4.18,1
5056736,35.7,40.1,951.8,32.9,24.9,19250,0.7,2.8,1,66.8,ENE,64,4.18,1
5059945,35.7,39.8,951.9,32.9,25.1,19269,0.7,2.8,1,144.6,SE,58,4.18,1
5063152,35.7,39.7,951.8,32.9,25.0,19288,0.7,2.8,1,40.6,NE,62,4.19,1
5066359,35.7,39.7,951.9,32.9,24.8,19269,0.7,2.5,1,91.1,E,64,4.17,1
5069566,35.7,40.0,951.9,32.9,24.6,19233,0.7,2.5,1,70.4,ENE,65,4.19,1
5072773,35.7,39.9,951.8,32.9,24.5,19267,0.6,2.2,1,12.7,NNE,64,4.19,1
5075980,35.7,39.6,951.8,32.9,24.3,19258,0.5,2.0,1,31.9,NNE,62,4.18,1
5079187,35.7,39.9,951.9,33.0,24.2,19264,0.4,1.7,1,70.0,ENE,64,4.18,1
5082396,35.7,40.1,951.8,33.0,24.1,19263,0.4,1.7,1,53.7,NE,65,4.18,1
5085603,35.7,39.9,951.8,33.0,24.1,19254,0.3,1.4,1,52.3,NE,60,4.19,1
5088811,35.7,39.9,951.9,33.0,24.1,19238,0.3,1.4,1,55.4,NE,65,4.19,1
5092017,35.7,39.9,951.9,33.0,24.2,19253,0.2,0.8,1,37.6,NE,65,4.20,1
5095224,35.7,39.2,951.9,33.0,24.1,19219,0.2,0.8,1,20.6,NNE,63,4.19,1
5098431,35.7,39.8,951.9,33.0,24.1,19259,0.2,0.8,1,47.2,NE,62,4.19,1
5101638,35.7,39.7,951.9,33.0,24.1,19219,0.1,0.6,0,16.3,NNE,64,4.17,1
5104845,35.7,39.7,951.9,33.0,24.1,19251,0.0,0.3,0,315.1,NW,64,4.19,1
5108056,35.7,39.6,951.9,33.0,24.0,19242,0.0,0.3,0,323.6,NW,65,4.19,1
5111263,35.7,39.9,951.9,33.0,24.1,19226,0.0,0.3,0,25.3,NNE,65,4.18,1
5114471,35.7,39.8,951.9,33.0,24.2,19194,0.0,0.0,0,31.4,NNE,64,4.18,1
5117677,35.8,39.8,951.8,33.0,24.2,19235,0.0,0.0,0,286.4,WNW,63,4.18,1
5120884,35.8,39.3,951.8,33.0,24.1,19247,0.0,0.0,0,286.6,WNW,62,4.19,1
5124091,35.8,40.0,951.8,33.0,24.0,19219,0.0,0.0,0,333.8,NNW,60,4.19,1
5127298,35.8,39.6,951.9,33.0,24.0,19197,0.0,0.0,0,282.5,WNW,65,4.19,1
5130507,35.8,39.6,951.9,33.0,24.1,19200,0.0,0.0,0,286.1,WNW,62,4.19,1
5133714,35.8,39.3,951.9,33.0,24.1,19209,0.0,0.0,0,310.0,NW,62,4.17,1
5136921,35.8,39.7,951.9,33.0,24.2,19178,0.0,0.0,0,318.3,NW,58,4.19,1
5140128,35.8,39.5,951.9,33.0,24.3,19170,0.0,0.0,0,278.1,W,64,4.19,1
5143335,35.8,40.1,951.9,33.0,24.5,19214,0.0,0.0,0,276.4,W,64,4.18,1
5146542,35.8,39.7,951.9,33.1,24.4,19188,0.0,0.0,0,276.5,W,62,4.19,1
5149749,35.8,39.7,951.9,33.1,24.3,19205,0.0,0.0,0,279.4,W,64,4.19,1
5152958,35.8,39.3,951.8,33.1,24.3,19223,0.0,0.0,0,263.9,W,62,4.18,1
5156165,35.8,39.7,951.9,33.1,24.2,19197,0.0,0.0,0,281.7,WNW,58,4.18,1
5159372,35.8,39.0,951.9,33.1,24.2,19198,0.0,0.0,0,302.0,WNW,62,4.17,1
5162579,35.8,40.1,951.8,33.1,24.2,19194,0.0,0.0,0,294.9,WNW,62,4.19,1
5165786,35.8,39.6,951.9,33.1,24.1,19194,0.0,0.3,0,258.2,WSW,65,4.19,1
5168993,35.8,40.0,951.9,33.1,23.9,19188,0.0,0.0,0,260.9,W,64,4.19,1
5172200,35.8,39.9,951.9,33.0,24.0,19214,0.0,0.0,0,351.8,N,65,4.18,1
5175407,35.8,39.7,951.9,33.0,24.0,19186,0.0,0.0,0,307.7,NW,65,4.19,1
5178616,35.8,39.6,951.9,33.1,24.1,19191,0.0,0.0,0,299.8,WNW,64,4.18,1
5181823,35.8,39.2,951.8,33.0,24.2,19185,0.0,0.0,0,322.8,NW,65,4.18,1
5185030,35.8,39.2,951.7,33.0,24.2,19171,0.0,0.0,0,10.9,N,61,4.18,1
5188237,35.8,40.1,951.8,33.0,24.3,19163,0.0,0.0,0,17.4,NNE,64,4.19,1
5191444,35.9,39.2,951.8,33.1,24.3,19162,0.0,0.0,0,309.2,NW,63,4.18,1
5194651,35.9,39.3,951.8,33.0,24.3,19191,0.0,0.0,0,256.1,WSW,65,4.19,1
5197858,35.9,39.1,951.8,33.0,24.1,19191,0.0,0.0,0,293.7,WNW,62,4.19,1
5201067,35.9,39.2,951.8,33.1,23.8,19175,0.1,0.6,0,249.4,WSW,62,4.19,1
5204274,35.9,39.6,951.9,33.1,23.9,19173,0.3,1.1,1,289.6,WNW,63,4.19,1
5207481,35.9,39.7,951.8,33.1,23.9,19158,0.3,1.4,1,251.1,WSW,65,4.18,1
5210688,35.9,39.3,951.8,33.1,24.0,19184,0.3,1.4,1,292.0,WNW,60,4.18,1
5213895,35.9,40.0,951.8,33.1,24.0,19157,0.5,2.0,1,257.0,WSW,61,4.19,1
5217102,35.9,39.2,951.8,33.0,23.8,19173,0.5,2.0,1,280.4,W,62,4.18,1
5220309,35.9,39.8,951.8,33.0,23.8,19150,0.4,1.7,1,291.9,WNW,61,4.18,1
5223519,35.9,39.3,951.8,33.0,23.7,19148,0.3,1.4,1,302.5,WNW,65,4.19,1
5226725,35.9,39.9,951.8,33.0,23.7,19142,0.3,1.4,1,315.3,NW,65,4.20,1
5229932,35.9,39.2,951.8,33.0,23.6,19143,0.3,1.1,1,294.0,WNW,63,4.19,1
5233139,35.9,39.6,951.8,33.0,23.5,19138,0.2,0.8,1,298.6,WNW,61,4.19,1
5236346,35.9,39.1,951.8,33.0,23.5,19143,0.2,0.8,1,339.2,NNW,63,4.18,1
5239553,35.9,40.0,951.7,33.0,23.5,19126,0.3,1.1,1,236.5,WSW,63,4.19,1
5242761,35.9,38.9,951.8,33.0,23.5,19163,0.4,1.7,1,209.9,SSW,62,4.19,1
5245969,35.9,39.3,951.8,33.0,23.6,19144,0.5,2.0,1,56.8,ENE,65,4.18,1
5249176,35.9,39.1,951.8,33.0,23.7,19133,0.3,1.4,1,249.1,WSW,62,4.19,1
5252383,35.9,39.6,951.8,33.0,23.7,19139,0.3,1.4,1,252.1,WSW,63,4.19,1
5255590,35.9,38.9,951.8,33.0,23.7,19125,0.3,1.1,1,359.6,N,63,4.19,1
5258797,35.9,39.8,951.8,33.0,23.7,19135,0.2,0.8,1,58.7,ENE,62,4.18,1
5262004,35.9,39.4,951.8,33.0,23.7,19133,0.2,0.8,1,16.0,NNE,65,4.18,1
5265211,35.9,39.6,951.7,33.0,23.7,19126,0.1,0.6,0,310.4,NW,64,4.17,1
5268418,35.9,39.2,951.8,33.0,23.7,19133,0.1,0.6,0,319.2,NW,62,4.18,1
5271627,35.9,40.1,951.8,33.0,23.7,19111,0.0,0.3,0,54.0,NE,61,4.19,1
5274834,35.9,39.2,951.8,33.0,23.8,19111,0.0,0.3,0,95.3,E,61,4.18,1
5278041,36.0,39.5,951.8,33.0,23.6,19129,0.0,0.0,0,352.0,N,65,4.19,1
5281248,36.0,39.2,951.8,33.0,23.4,19134,0.2,0.8,1,160.2,SSE,64,4.18,1
5284455,36.0,39.4,951.8,33.0,23.5,19115,0.3,1.1,1,303.5,WNW,63,4.18,1
5287662,36.0,39.7,951.7,33.0,23.6,19115,0.3,1.1,1,156.4,SSE,64,4.18,1
5290869,36.0,39.7,951.7,33.0,23.7,19085,0.2,0.8,1,293.1,WNW,60,4.18,1
5294078,36.0,39.3,951.6,33.0,23.5,19098,0.5,2.0,1,345.9,NNW,58,4.19,1
5297285,36.0,40.0,951.7,33.0,22.6,19098,1.1,4.2,1,318.6,NW,64,4.19,1
5300492,36.0,39.9,951.7,33.0,22.4,19086,1.5,5.6,2,233.7,SW,64,4.19,1
5303699,36.0,39.9,951.8,33.0,22.4,19077,1.5,5.6,2,49.5,NE,65,4.18,1
5306906,36.0,40.0,951.8,33.0,22.5,19105,1.4,5.0,1,226.3,SW,59,4.18,1
5310113,36.0,39.7,951.8,33.0,22.7,19093,1.2,4.5,1,218.7,SW,65,4.17,1
5313320,36.0,39.5,951.8,33.0,22.9,19093,1.0,3.6,1,331.9,NNW,62,4.18,1
5316529,36.0,39.7,951.8,33.0,23.1,19107,0.8,3.1,1,355.5,N,62,4.18,1
5319737,36.0,39.9,951.8,33.0,23.2,19083,0.7,2.8,1,297.6,WNW,61,4.18,1
5322943,36.0,40.0,951.8,33.0,23.3,19064,0.7,2.5,1,55.5,NE,60,4.18,1
5326150,36.0,39.2,951.9,33.0,23.4,19085,0.6,2.2,1,292.8,WNW,63,4.19,1
5329358,36.0,39.3,951.8,33.0,23.4,19088,0.6,2.2,1,222.1,SW,61,4.19,1
5332564,36.0,39.4,951.9,33.0,23.5,19063,0.6,2.2,1,137.8,SE,65,4.17,1
5335772,36.0,39.2,951.8,33.0,23.5,19048,0.5,2.0,1,236.3,WSW,58,4.18,1
5338978,36.0,39.2,951.9,33.0,23.7,19052,0.8,3.1,1,197.0,SSW,63,4.19,1
5342187,36.0,39.6,951.8,33.0,23.8,19056,1.0,3.6,1,190.0,S,63,4.18,1
5345394,36.0,39.8,951.8,33.0,23.7,19056,0.8,3.1,1,355.2,N,65,4.19,1
5348601,36.0,39.5,951.9,33.0,23.7,19043,0.7,2.8,1,185.5,S,65,4.18,1
5351808,36.0,39.2,951.9,33.0,23.7,19048,0.7,2.5,1,101.9,ESE,64,4.19,1
5355015,36.0,39.2,951.8,33.0,23.7,19060,0.5,2.0,1,103.1,ESE,63,4.18,1
5358222,36.0,39.2,951.8,33.0,23.7,19012,0.5,2.0,1,45.7,NE,61,4.19,1
5361429,36.0,39.5,951.8,33.0,23.8,19054,0.3,1.4,1,340.2,NNW,58,4.18,1
5364638,36.0,39.8,951.8,33.0,23.8,19024,0.3,1.4,1,71.3,ENE,63,4.19,1
5367845,36.0,39.1,951.8,33.0,23.8,19048,0.3,1.4,1,21.8,NNE,60,4.19,1
5371052,36.0,39.1,951.8,33.0,23.9,19010,0.3,1.1,1,284.1,WNW,64,4.18,1
5374259,36.0,39.1,951.7,33.0,24.0,19006,0.2,0.8,1,296.1,WNW,64,4.18,1
5377466,36.0,39.2,951.8,33.0,24.1,19003,0.2,0.8,1,306.2,NW,63,4.19,1
5380673,36.0,39.8,951.8,33.0,24.0,18994,0.1,0.6,0,302.5,WNW,65,4.20,1
5383880,36.0,39.1,951.8,33.0,24.0,18967,0.2,0.8,1,295.4,WNW,64,4.18,1
5387089,36.0,40.0,951.8,33.0,24.1,19005,0.1,0.6,0,295.1,WNW,59,4.19,1
5390297,36.0,39.8,951.8,33.0,24.0,18988,0.2,0.8,1,285.1,WNW,64,4.19,1
5393504,36.0,39.2,951.8,33.0,23.7,18988,0.3,1.4,1,297.4,WNW,64,4.18,1
5396710,36.0,39.2,951.8,33.0,23.7,18992,0.3,1.1,1,294.0,WNW,64,4.19,1
5399917,36.0,39.4,951.8,33.0,23.7,18993,0.5,2.0,1,240.4,WSW,61,4.19,1
5403124,36.0,39.4,951.8,33.0,23.6,18981,0.6,2.2,1,280.5,W,64,4.18,1
5406331,36.0,39.2,951.8,33.0,23.7,18963,0.6,2.2,1,269.3,W,65,4.19,1
5409540,36.0,39.8,951.8,33.0,23.8,18981,0.6,2.2,1,270.3,W,65,4.19,1
5412747,36.0,39.4,951.8,33.0,23.7,18983,0.5,2.0,1,330.5,NNW,61,4.18,1
5415954,36.0,39.9,951.8,33.0,23.7,18963,0.4,1.7,1,290.5,WNW,65,4.19,1
5419161,36.0,39.5,951.8,33.0,23.7,18948,0.4,1.7,1,262.9,W,61,4.19,1
5422368,36.0,39.3,951.8,33.0,23.8,18978,0.3,1.4,1,297.3,WNW,62,4.19,1
5425575,36.0,39.1,951.8,33.0,23.8,18927,0.3,1.4,1,318.6,NW,64,4.19,1
5428782,36.0,39.1,951.8,33.0,23.8,18943,0.3,1.1,1,316.2,NW,65,4.19,1
5431989,36.0,39.9,951.8,33.0,23.8,18933,0.3,1.4,1,276.6,W,65,4.17,1
5435198,36.0,39.1,951.8,33.0,23.9,18937,0.3,1.4,1,266.2,W,65,4.18,1
5438405,36.0,39.6,951.8,33.0,23.9,18923,0.7,2.5,1,257.8,WSW,61,4.18,1
5441612,36.0,39.1,951.8,33.0,24.0,18926,0.8,3.1,1,226.9,SW,62,4.19,1
5444819,36.0,39.6,951.8,33.0,23.8,18921,1.0,3.6,1,10.4,N,65,4.18,1
5448026,36.0,39.9,951.7,33.0,23.7,18929,0.9,3.4,1,290.0,WNW,65,4.18,1
5451233,36.0,39.7,951.8,33.0,23.7,18907,1.3,4.8,1,19.7,NNE,58,4.19,1
5454440,36.0,40.0,951.8,32.9,23.6,18895,1.8,6.7,2,311.4,NW,61,4.18,1
5457649,36.0,39.3,951.8,32.9,23.7,18896,2.4,8.7,2,8.3,N,63,4.19,1
5460856,36.0,39.9,951.8,32.9,23.6,18902,2.1,7.6,2,274.4,W,61,4.18,1
5464063,36.0,39.6,951.8,32.9,23.3,18896,1.8,6.7,2,187.4,S,63,4.19,1
5467270,36.0,39.9,951.8,32.9,23.3,18878,1.7,6.2,2,296.4,WNW,65,4.18,1
5470477,36.0,39.8,951.8,32.9,23.3,18896,1.4,5.0,1,231.6,SW,65,4.18,1
5473684,36.0,39.3,951.8,32.9,23.3,18875,1.1,4.2,1,355.6,N,62,4.18,1
5476891,36.0,39.3,951.9,32.9,23.2,18863,1.0,3.6,1,282.0,WNW,66,4.17,1
5480100,36.0,40.0,951.8,32.9,23.2,18893,0.9,3.4,1,246.8,WSW,63,4.18,1
5483310,36.0,39.8,951.8,32.9,23.1,18868,0.7,2.5,1,331.1,NNW,64,4.18,1
5486516,36.0,39.8,951.8,32.9,23.1,18880,0.6,2.2,1,52.5,NE,65,4.18,1
5489723,36.0,40.0,951.8,32.8,23.1,18884,0.7,2.5,1,222.3,SW,64,4.18,1
5492930,36.0,39.9,951.8,32.8,22.9,18879,0.8,3.1,1,290.1,WNW,64,4.17,1
5496137,36.0,39.8,951.8,32.8,23.2,18865,0.9,3.4,1,230.7,SW,63,4.19,1
5499344,36.0,39.6,951.8,32.8,23.4,18843,0.7,2.8,1,223.6,SW,63,4.18,1
5502551,36.0,40.0,951.7,32.8,23.4,18852,0.9,3.4,1,280.2,W,65,4.19,1
5505760,36.0,39.6,951.8,32.8,23.6,18834,1.1,4.2,1,117.9,ESE,62,4.19,1
5508967,36.0,39.1,951.8,32.8,23.6,18843,1.0,3.9,1,207.5,SSW,62,4.20,1
5512174,35.9,39.8,951.8,32.8,23.6,18819,1.0,3.6,1,326.1,NW,60,4.19,1
5515381,35.9,39.3,951.8,32.8,23.4,18820,0.8,3.1,1,223.5,SW,61,4.19,1
5518588,35.9,39.4,951.8,32.8,23.4,18822,0.8,3.1,1,357.1,N,62,4.18,1
5521795,35.9,39.9,951.8,32.8,23.4,18817,0.7,2.8,1,49.8,NE,65,4.18,1
5525002,35.9,39.7,951.8,32.8,23.3,18812,0.7,2.5,1,158.8,SSE,63,4.19,1
5528211,35.9,39.6,951.8,32.8,23.4,18798,0.8,3.1,1,201.7,SSW,61,4.19,1
5531419,35.9,39.7,951.8,32.8,23.6,18793,0.7,2.8,1,257.7,WSW,64,4.19,1
5534625,35.9,40.0,951.8,32.8,23.6,18814,0.7,2.5,1,293.9,WNW,63,4.19,1
5537832,35.9,39.5,951.8,32.8,23.6,18799,0.8,3.1,1,189.8,S,63,4.19,1
5541040,35.9,40.0,951.8,32.8,23.7,18793,0.7,2.8,1,174.1,S,58,4.19,1
5544246,35.9,39.6,951.8,32.8,23.7,18807,0.6,2.2,1,250.7,WSW,60,4.19,1
5547453,35.9,39.9,951.8,32.8,23.6,18790,0.5,2.0,1,68.9,ENE,62,4.19,1
5550662,35.9,39.8,951.8,32.8,23.5,18783,0.4,1.7,1,100.3,E,64,4.19,1
5553870,35.9,40.1,951.8,32.8,23.5,18803,0.3,1.1,1,175.5,S,62,4.18,1
5557078,35.9,39.5,951.7,32.8,23.5,18778,0.3,1.1,1,274.4,W,65,4.19,1
5560284,35.9,40.0,951.9,32.7,23.4,18771,0.3,1.4,1,136.5,SE,62,4.19,1
5563491,35.9,39.1,951.8,32.7,23.3,18776,0.4,1.7,1,332.1,NNW,65,4.18,1
5566698,35.9,39.9,951.8,32.7,23.2,18782,0.5,2.0,1,208.5,SSW,61,4.20,1
5569905,35.8,39.7,951.8,32.7,23.4,18779,0.5,2.0,1,144.1,SE,63,4.20,1
5573112,35.8,39.9,951.8,32.7,23.5,18761,0.4,1.7,1,199.5,SSW,61,4.19,1
5576321,35.8,40.1,951.8,32.7,23.5,18776,0.4,1.7,1,350.3,N,63,4.19,1
5579528,35.8,39.5,951.8,32.7,23.5,18772,0.3,1.4,1,86.5,E,64,4.19,1
5582735,35.8,39.7,951.8,32.7,23.3,18761,0.3,1.4,1,195.0,SSW,60,4.19,1
5585942,35.8,40.2,951.9,32.7,23.0,18750,0.4,1.7,1,257.5,WSW,63,4.19,1
5589149,35.8,39.7,951.7,32.7,23.0,18762,0.6,2.2,1,328.3,NNW,58,4.20,1
5592356,35.8,39.3,951.7,32.7,22.9,18762,0.6,2.2,1,216.5,SW,62,4.19,1
5595563,35.8,40.1,951.9,32.7,22.8,18742,0.6,2.2,1,336.1,NNW,62,4.19,1
5598772,35.8,40.0,951.8,32.7,22.9,18726,0.6,2.2,1,288.9,WNW,64,4.20,1
5601979,35.8,40.2,951.7,32.7,23.0,18709,0.7,2.5,1,280.5,W,65,4.19,1
5605187,35.8,40.1,951.8,32.7,23.0,18723,0.6,2.2,1,281.6,WNW,63,4.19,1
5608393,35.8,40.0,951.8,32.7,23.1,18735,0.7,2.5,1,290.3,WNW,62,4.18,1
5611601,35.8,40.1,951.8,32.7,23.2,18708,0.7,2.5,1,286.1,WNW,65,4.18,1
5614807,35.8,40.1,951.8,32.7,23.4,18715,0.7,2.5,1,201.7,SSW,64,4.20,1
5618014,35.8,39.5,951.7,32.7,23.4,18723,0.6,2.2,1,298.5,WNW,62,4.19,1
5621223,35.8,39.7,951.7,32.7,23.5,18717,0.7,2.8,1,199.6,SSW,63,4.20,1
5624430,35.8,39.8,951.7,32.7,23.5,18710,0.7,2.5,1,201.3,SSW,65,4.18,1
5627637,35.8,40.1,951.8,32.7,23.5,18713,0.5,2.0,1,8.1,N,63,4.18,1
5630844,35.8,39.4,951.8,32.7,23.4,18698,0.4,1.7,1,233.4,SW,60,4.19,1
5634051,35.8,40.0,951.8,32.7,23.4,18695,0.5,2.0,1,115.1,ESE,62,4.19,1
5637258,35.8,40.2,951.8,32.6,23.4,18680,0.3,1.4,1,36.6,NE,65,4.19,1
5640465,35.8,39.9,951.8,32.6,23.4,18687,0.3,1.4,1,244.0,WSW,63,4.19,1
5643674,35.8,39.3,951.7,32.6,23.4,18699,0.4,1.7,1,273.6,W,65,4.19,1
5646881,35.8,39.8,951.8,32.6,23.5,18696,0.7,2.5,1,203.0,SSW,61,4.19,1
5650088,35.8,39.9,951.8,32.6,23.4,18693,0.8,3.1,1,323.1,NW,60,4.18,1
5653295,35.8,39.6,951.8,32.6,23.4,18704,0.8,3.1,1,230.3,SW,65,4.19,1
5656502,35.8,40.1,951.8,32.6,23.6,18688,1.0,3.6,1,220.7,SW,62,4.18,1
5659710,35.8,39.3,951.7,32.6,23.6,18713,0.8,3.1,1,301.0,WNW,65,4.19,1
5662916,35.8,40.0,951.8,32.6,23.6,18695,0.7,2.8,1,301.2,WNW,64,4.18,1
5666123,35.8,39.6,951.8,32.6,23.5,18720,0.6,2.2,1,21.8,NNE,61,4.19,1
5669333,35.7,39.9,951.7,32.6,23.5,18711,0.5,2.0,1,62.7,ENE,64,4.18,1
5672540,35.7,39.2,951.7,32.6,23.5,18713,0.4,1.7,1,332.2,NNW,61,4.18,1
5675746,35.7,39.3,951.8,32.6,23.5,18693,0.4,1.7,1,217.0,SW,62,4.18,1
5678953,35.7,40.1,951.8,32.6,23.6,18691,0.4,1.7,1,310.4,NW,64,4.19,1
5682161,35.8,39.3,951.8,32.6,23.6,18703,0.4,1.7,1,285.5,WNW,63,4.19,1
5685368,35.7,40.0,951.8,32.6,23.6,18684,0.3,1.4,1,296.2,WNW,59,4.18,1
5688575,35.7,39.9,951.8,32.6,23.6,18684,0.3,1.1,1,312.8,NW,65,4.19,1
5691785,35.7,39.6,951.7,32.6,23.6,18678,0.3,1.4,1,335.0,NNW,66,4.17,1
5694991,35.8,39.9,951.8,32.6,23.6,18703,0.4,1.7,1,125.6,SE,64,4.18,1
5698198,35.8,39.6,951.8,32.6,23.6,18700,0.4,1.7,1,296.6,WNW,65,4.18,1
5701405,35.8,39.5,951.8,32.6,23.6,18677,0.4,1.7,1,351.1,N,62,4.18,1
5704612,35.8,40.2,951.7,32.7,23.6,18693,0.3,1.4,1,26.9,NNE,63,4.19,1
5707819,35.8,40.1,951.8,32.7,23.7,18678,0.3,1.1,1,8.2,N,60,4.19,1
5711027,35.8,39.8,951.8,32.7,23.7,18668,0.3,1.1,1,329.7,NNW,64,4.18,1
5714236,35.8,40.0,951.8,32.7,23.6,18670,0.2,0.8,1,285.7,WNW,63,4.19,1
5717443,35.8,40.0,951.7,32.7,23.6,18694,0.3,1.1,1,293.2,WNW,63,4.18,1
5720650,35.8,40.0,951.8,32.7,23.6,18693,0.3,1.1,1,297.8,WNW,62,4.18,1
5723857,35.8,39.9,951.7,32.7,23.7,18693,0.3,1.1,1,301.9,WNW,62,4.19,1
5727064,35.8,39.9,951.8,32.7,23.8,18666,0.3,1.1,1,302.6,WNW,63,4.19,1
5730271,35.8,40.0,951.7,32.7,24.0,18698,0.3,1.1,1,359.7,N,61,4.19,1
5733478,35.8,39.8,951.8,32.7,24.1,18699,0.2,0.8,1,47.3,NE,63,4.18,1
5736685,35.8,40.0,951.8,32.7,24.2,18705,0.1,0.6,0,52.8,NE,65,4.18,1
5739894,35.8,39.7,951.7,32.7,24.2,18696,0.1,0.6,0,26.4,NNE,65,4.18,1
5743101,35.8,39.9,951.7,32.7,24.2,18679,0.0,0.3,0,304.6,NW,64,4.16,1
5746308,35.8,40.0,951.8,32.7,24.2,18711,0.0,0.3,0,272.2,W,58,4.19,1
5749515,35.8,39.5,951.7,32.7,24.1,18692,0.0,0.3,0,329.6,NNW,64,4.18,1
5752722,35.8,40.0,951.7,32.7,24.1,18687,0.0,0.3,0,307.8,NW,62,4.18,1
5755929,35.8,39.7,951.8,32.7,24.1,18693,0.0,0.3,0,232.1,SW,59,4.19,1
5759136,35.8,40.2,951.7,32.7,24.0,18693,0.0,0.0,0,262.4,W,62,4.17,1
5762345,35.8,39.1,951.8,32.7,24.0,18696,0.0,0.3,0,1.3,N,61,4.20,1
5765552,35.8,40.1,951.8,32.7,24.0,18690,0.0,0.0,0,72.8,ENE,62,4.18,1
5768759,35.8,39.2,951.8,32.7,24.0,18697,0.0,0.0,0,37.7,NE,65,4.19,1
5771966,35.9,40.1,951.8,32.7,24.0,18688,0.0,0.0,0,303.4,WNW,65,4.17,1
5775173,35.9,39.2,951.8,32.7,24.1,18689,0.0,0.0,0,248.4,WSW,65,4.17,1
5778380,35.9,39.4,951.7,32.7,24.1,18698,0.0,0.0,0,279.9,W,62,4.19,1
5781587,35.9,39.3,951.8,32.7,24.1,18674,0.0,0.0,0,282.2,WNW,65,4.18,1
5784796,35.9,39.4,951.7,32.8,24.0,18683,0.1,0.6,0,247.8,WSW,64,4.19,1
5788004,35.9,39.4,951.7,32.8,24.0,18688,0.1,0.6,0,309.1,NW,64,4.19,1
5791211,35.9,39.9,951.7,32.8,24.0,18683,0.0,0.3,0,13.8,NNE,62,4.19,1
5794418,35.9,39.2,951.7,32.8,24.0,18728,0.0,0.3,0,31.2,NNE,64,4.19,1
5797624,35.9,40.0,951.8,32.8,24.0,18692,0.0,0.3,0,353.2,N,60,4.19,1
5800832,35.9,39.1,951.7,32.8,24.0,18688,0.1,0.6,0,285.6,WNW,65,4.18,1
5804038,35.9,40.0,951.7,32.8,24.0,18699,0.0,0.3,0,214.6,SW,64,4.19,1
5807245,36.0,39.1,951.8,32.8,23.8,18686,0.1,0.6,0,303.8,NW,63,4.18,1
5810454,36.0,40.0,951.7,32.8,23.7,18682,0.4,1.7,1,228.0,SW,62,4.19,1
5813661,36.0,39.4,951.7,32.8,23.8,18677,0.7,2.8,1,247.7,WSW,62,4.19,1
5816868,36.0,39.5,951.7,32.8,23.9,18663,0.8,3.1,1,268.4,W,64,4.19,1
5820075,36.0,39.5,951.7,32.8,23.8,18657,0.7,2.8,1,284.4,WNW,64,4.18,1
5823282,36.0,39.8,951.7,32.8,23.8,18661,0.7,2.5,1,248.7,WSW,61,4.18,1
5826489,36.0,39.9,951.8,32.8,23.8,18676,0.7,2.8,1,244.1,WSW,62,4.19,1
5829696,36.0,39.0,951.8,32.8,23.9,18658,0.7,2.8,1,308.3,NW,64,4.19,1
5832906,36.0,39.2,951.7,32.8,23.9,18678,0.7,2.8,1,340.0,NNW,64,4.18,1
5836112,36.0,39.8,951.7,32.8,23.9,18672,0.7,2.8,1,279.5,W,65,4.17,1
5839319,36.0,39.2,951.7,32.8,24.0,18690,0.7,2.8,1,96.0,E,63,4.18,1
5842526,36.0,39.8,951.8,32.8,23.9,18633,0.6,2.2,1,323.9,NW,65,4.19,1
5845733,36.0,39.9,951.7,32.8,23.8,18688,0.5,2.0,1,356.3,N,62,4.18,1
5848940,36.0,39.8,951.8,32.8,23.7,18630,0.5,2.0,1,110.4,ESE,65,4.19,1
5852147,36.0,39.1,951.7,32.8,23.6,18636,0.3,1.4,1,64.2,ENE,65,4.17,1
5855356,36.0,39.6,951.8,32.8,23.6,18653,0.3,1.4,1,342.4,NNW,60,4.19,1
5858563,36.0,39.1,951.7,32.8,23.6,18643,0.2,0.8,1,291.4,WNW,66,4.19,1
5861772,36.1,39.7,951.7,32.8,23.6,18646,0.2,0.8,1,323.9,NW,62,4.18,1
5864979,36.0,39.7,951.7,32.8,23.6,18633,0.0,0.3,0,353.7,N,62,4.19,1
5868186,36.1,39.4,951.7,32.8,23.6,18622,0.1,0.6,0,321.7,NW,64,4.17,1
5871394,36.1,39.9,951.7,32.8,23.7,18623,0.1,0.6,0,321.6,NW,61,4.18,1
5874601,36.1,39.8,951.8,32.9,23.7,18623,0.1,0.6,0,325.8,NW,62,4.18,1
5877809,36.1,39.9,951.7,32.9,23.6,18626,0.2,0.8,1,298.4,WNW,61,4.19,1
5881016,36.1,39.4,951.8,32.9,23.6,18611,0.2,0.8,1,263.0,W,64,4.18,1
5884223,36.1,39.5,951.7,32.9,23.6,18600,0.2,0.8,1,297.9,WNW,65,4.18,1
5887430,36.1,39.1,951.8,32.9,23.7,18599,0.0,0.3,0,327.4,NNW,62,4.19,1
5890637,36.1,39.1,951.7,32.9,23.8,18600,0.0,0.3,0,337.7,NNW,65,4.19,1
5893844,36.1,39.6,951.7,32.9,23.8,18604,0.0,0.3,0,314.9,NW,61,4.18,1
5897051,36.1,39.4,951.7,32.9,23.8,18563,0.1,0.6,0,294.7,WNW,64,4.17,1
5900258,36.1,39.7,951.7,32.9,23.8,18587,0.0,0.3,0,290.6,WNW,65,4.18,1
5903467,36.1,38.9,951.7,32.9,23.8,18568,0.0,0.3,0,292.1,WNW,61,4.17,1
5906674,36.1,39.3,951.7,32.9,23.9,18563,0.0,0.0,0,294.6,WNW,61,4.18,1
5909881,36.1,38.7,951.8,32.9,23.9,18572,0.0,0.0,0,295.4,WNW,61,4.19,1
5913088,36.2,38.7,951.7,32.9,23.9,18599,0.0,0.0,0,324.0,NW,61,4.19,1
5916295,36.2,38.9,951.7,32.9,23.9,18573,0.0,0.0,0,321.2,NW,64,4.19,1
5919502,36.2,38.9,951.7,32.9,23.8,18580,0.0,0.0,0,240.9,WSW,62,4.18,1
5922709,36.2,39.0,951.7,32.9,23.9,18557,0.0,0.0,0,224.5,SW,65,4.18,1
5925918,36.2,38.9,951.7,32.9,23.9,18578,0.0,0.0,0,287.4,WNW,65,4.19,1
5929125,36.2,38.6,951.7,32.9,23.9,18576,0.0,0.0,0,333.4,NNW,62,4.19,1
5932332,36.2,38.9,951.7,32.9,23.8,18556,0.0,0.0,0,296.0,WNW,64,4.18,1
5935539,36.2,39.1,951.8,32.9,23.8,18570,0.0,0.0,0,290.2,WNW,63,4.18,1
5938746,36.2,38.7,951.7,32.9,23.7,18552,0.0,0.0,0,292.7,WNW,58,4.19,1
5941953,36.2,38.8,951.7,32.9,23.6,18546,0.0,0.0,0,301.5,WNW,65,4.19,1
5945160,36.2,38.8,951.7,32.9,23.6,18550,0.0,0.0,0,304.1,NW,62,4.18,1
5948369,36.2,38.8,951.7,32.9,23.6,18569,0.0,0.0,0,300.4,WNW,65,4.17,1
5951576,36.2,39.0,951.7,32.9,23.7,18533,0.0,0.0,0,307.2,NW,61,4.19,1
5954783,36.2,38.8,951.6,32.9,23.7,18561,0.0,0.0,0,308.7,NW,61,4.18,1
5957990,36.2,38.7,951.7,32.9,23.7,18518,0.0,0.0,0,313.2,NW,64,4.18,1
5961197,36.2,39.0,951.7,32.9,23.7,18537,0.0,0.0,0,323.3,NW,62,4.19,1
5964404,36.2,38.8,951.7,32.9,23.7,18549,0.0,0.0,0,331.8,NNW,61,4.18,1
5967611,36.2,38.9,951.7,32.9,23.7,18520,0.0,0.0,0,298.0,WNW,61,4.19,1
5970820,36.3,39.0,951.7,32.9,23.8,18530,0.0,0.0,0,327.4,NNW,61,4.19,1
5974027,36.3,38.6,951.7,32.9,23.7,18565,0.0,0.3,0,307.9,NW,61,4.18,1
5977234,36.3,39.2,951.7,32.9,23.6,18528,0.1,0.6,0,280.2,W,63,4.19,1
5980441,36.3,38.9,951.7,32.9,23.5,18528,0.2,0.8,1,351.4,N,61,4.19,1
5983648,36.3,38.8,951.8,32.9,23.5,18542,0.2,0.8,1,346.0,NNW,61,4.18,1
5986855,36.3,39.1,951.7,32.9,23.5,18525,0.1,0.6,0,321.6,NW,62,4.18,1
5990063,36.3,39.1,951.7,32.9,23.5,18533,0.1,0.6,0,313.7,NW,65,4.17,1
5993269,36.3,38.8,951.7,32.9,23.6,18554,0.0,0.3,0,313.6,NW,62,4.18,1
5996478,36.3,38.5,951.7,32.9,23.6,18528,0.0,0.3,0,307.6,NW,62,4.19,1
5999685,36.3,38.5,951.7,32.9,23.6,18523,0.0,0.0,0,313.2,NW,63,4.19,1
6002892,36.3,38.6,951.7,32.9,23.6,18524,0.0,0.3,0,312.8,NW,63,4.19,1
6006099,36.3,38.8,951.7,32.9,23.7,18502,0.0,0.0,0,303.4,WNW,60,4.18,1
6009306,36.3,38.8,951.7,32.9,23.7,18485,0.0,0.0,0,352.8,N,63,4.18,1
6012513,36.3,38.8,951.7,32.9,23.7,18499,0.0,0.0,0,47.5,NE,60,4.18,1
6015720,36.3,38.8,951.7,32.9,23.7,18488,0.0,0.0,0,45.7,NE,60,4.19,1
6018940,36.3,39.1,951.7,32.9,23.7,18507,0.0,0.0,0,19.6,NNE,62,4.19,1
6022146,36.3,39.3,951.7,32.9,23.7,18483,0.0,0.0,0,341.4,NNW,65,4.18,1
6025353,36.3,38.5,951.7,33.0,23.7,18492,0.0,0.0,0,24.9,NNE,64,4.19,1
6028560,36.4,38.5,951.7,33.0,23.7,18487,0.0,0.0,0,59.7,ENE,65,4.19,1
6031767,36.4,38.5,951.8,33.0,23.9,18488,0.1,0.6,0,151.7,SSE,65,4.19,1
6034974,36.4,38.7,951.7,33.0,23.9,18481,0.0,0.3,0,243.2,WSW,61,4.19,1
6038181,36.4,39.4,951.8,33.0,23.8,18457,0.1,0.6,0,325.6,NW,63,4.19,1
6041390,36.4,39.6,951.7,33.0,23.8,18489,0.1,0.6,0,294.2,WNW,60,4.19,1
6044597,36.4,39.0,951.7,33.0,23.8,18491,0.2,0.8,1,248.5,WSW,65,4.18,1
6047804,36.4,38.5,951.7,33.0,23.8,18474,0.1,0.6,0,291.0,WNW,63,4.19,1
6051011,36.4,38.8,951.7,33.0,23.8,18498,0.1,0.6,0,356.8,N,65,4.19,1
6054218,36.4,38.7,951.7,33.0,23.8,18501,0.0,0.3,0,10.9,N,64,4.19,1
6057425,36.4,39.2,951.7,33.0,23.8,18465,0.0,0.0,0,303.2,WNW,61,4.18,1
6060632,36.5,38.6,951.7,33.0,23.8,18477,0.0,0.3,0,267.8,W,65,4.19,1
6063839,36.5,39.0,951.7,33.0,24.0,18466,0.1,0.6,0,267.2,W,65,4.19,1
6067049,36.5,38.5,951.7,33.0,24.0,18468,0.1,0.6,0,275.0,W,60,4.18,1
6070255,36.5,39.4,951.7,33.0,24.1,18501,0.1,0.6,0,272.8,W,64,4.19,1
6073462,36.5,39.4,951.7,33.1,24.1,18480,0.1,0.6,0,282.4,WNW,64,4.17,1
6076669,36.5,38.6,951.7,33.1,24.1,18466,0.1,0.6,0,323.7,NW,65,4.18,1
6079876,36.5,38.6,951.7,33.1,24.1,18424,0.2,0.8,1,4.5,N,64,4.18,1
6083083,36.5,38.6,951.7,33.1,24.2,18465,0.3,1.1,1,1.1,N,59,4.18,1
6086290,36.5,38.6,951.7,33.1,24.2,18444,0.2,0.8,1,309.1,NW,58,4.19,1
6089499,36.5,38.4,951.7,33.1,24.2,18467,0.2,0.8,1,8.8,N,62,4.19,1
6092706,36.5,38.8,951.7,33.1,24.1,18453,0.3,1.1,1,180.4,S,65,4.19,1
6095913,36.5,38.4,951.7,33.1,24.0,18453,0.4,1.7,1,311.4,NW,63,4.18,1
6099120,36.5,39.0,951.7,33.1,24.0,18433,0.3,1.1,1,276.6,W,62,4.18,1
6102327,36.5,38.4,951.6,33.1,23.9,18445,0.3,1.1,1,312.6,NW,65,4.18,1
6105534,36.5,38.9,951.7,33.1,23.8,18425,0.2,0.8,1,25.7,NNE,61,4.18,1
6108741,36.6,38.9,951.7,33.1,23.8,18431,0.2,0.8,1,88.9,E,65,4.19,1
6111948,36.6,38.4,951.7,33.1,23.8,18453,0.2,0.8,1,191.6,SSW,64,4.19,1
6115157,36.6,38.6,951.7,33.1,23.7,18416,0.3,1.1,1,352.6,N,65,4.18,1
6118364,36.6,38.5,951.7,33.1,23.5,18428,0.3,1.1,1,80.9,E,62,4.19,1
6121571,36.6,38.7,951.7,33.1,23.5,18445,0.3,1.1,1,39.1,NE,60,4.18,1
6124778,36.6,38.5,951.7,33.1,23.5,18446,0.2,0.8,1,21.5,NNE,64,4.18,1
6127985,36.6,39.0,951.7,33.2,23.6,18419,0.3,1.1,1,61.5,ENE,59,4.19,1
6131192,36.6,38.5,951.7,33.2,23.6,18391,0.2,0.8,1,31.8,NNE,65,4.20,1
6134399,36.6,38.6,951.7,33.2,23.5,18398,0.1,0.6,0,284.6,WNW,62,4.18,1
6137608,36.6,38.4,951.7,33.2,23.4,18411,0.2,0.8,1,239.3,WSW,65,4.19,1
6140816,36.6,38.3,951.7,33.2,23.5,18413,0.2,0.8,1,354.2,N,62,4.19,1
6144022,36.7,38.8,951.8,33.2,23.4,18413,0.3,1.1,1,248.6,WSW,65,4.18,1
6147229,36.7,39.0,951.8,33.2,23.2,18391,0.6,2.2,1,292.5,WNW,66,4.19,1
6150436,36.7,38.4,951.6,33.2,23.0,18414,0.7,2.8,1,193.8,SSW,63,4.19,1
6153643,36.7,38.3,951.8,33.2,23.2,18370,0.7,2.5,1,176.3,S,62,4.18,1
6156850,36.7,38.4,951.7,33.2,23.2,18378,0.7,2.5,1,19.1,NNE,65,4.19,1
6160059,36.7,38.7,951.7,33.2,23.3,17685,0.6,2.2,1,359.1,N,62,4.19,1
6163267,36.7,38.3,951.6,33.2,23.5,16878,0.5,2.0,1,240.7,WSW,63,4.19,1
6166473,36.7,38.8,951.7,33.2,23.4,18373,0.4,1.7,1,327.3,NNW,62,4.19,1
6169680,36.7,38.5,951.7,33.2,23.4,18363,0.4,1.7,1,329.1,NNW,62,4.18,1
6172887,36.7,38.6,951.7,33.2,23.4,18373,0.4,1.7,1,198.0,SSW,60,4.19,1
6176094,36.7,38.2,951.7,33.2,23.4,18356,0.3,1.4,1,270.7,W,63,4.19,1
6179301,36.7,39.1,951.7,33.2,23.5,18345,0.4,1.7,1,322.4,NW,62,4.19,1
6182510,36.7,38.7,951.7,33.2,23.6,18349,0.5,2.0,1,250.9,WSW,65,4.19,1
6185718,36.7,38.3,951.7,33.2,23.6,18298,0.6,2.2,1,273.8,W,63,4.17,1
6188924,36.7,38.2,951.7,33.2,23.5,18346,0.9,3.4,1,241.4,WSW,64,4.19,1
6192131,36.7,39.0,951.7,33.2,23.6,18331,0.9,3.4,1,231.6,SW,64,4.18,1
6195338,36.7,38.3,951.8,33.2,23.5,18318,0.9,3.4,1,296.0,WNW,63,4.18,1
6198545,36.7,38.6,951.7,33.2,23.4,16686,0.9,3.4,1,236.4,WSW,62,4.19,1
6201753,36.7,38.3,951.7,33.2,23.4,18318,1.0,3.6,1,212.5,SSW,63,4.19,1
6204959,36.7,38.9,951.7,33.2,23.2,18312,1.0,3.9,1,336.5,NNW,64,4.19,1
6208168,36.7,38.8,951.7,33.2,23.1,18298,0.9,3.4,1,326.2,NW,64,4.19,1
6211375,36.7,38.4,951.7,33.2,22.8,18298,0.8,3.1,1,119.1,ESE,64,4.18,1
6214582,36.7,38.8,951.8,33.2,22.8,18293,0.7,2.5,1,71.6,ENE,65,4.18,1
6217789,36.7,38.8,951.8,33.2,22.8,18294,0.5,2.0,1,345.5,NNW,61,4.18,1
6220996,36.6,38.3,951.8,33.2,22.8,18281,0.4,1.7,1,131.3,SE,65,4.19,1
6224203,36.7,39.1,951.8,33.2,22.8,18291,0.3,1.4,1,359.8,N,58,4.18,1
6227410,36.6,38.6,951.8,33.2,22.8,18253,0.3,1.4,1,216.9,SW,62,4.19,1
6230619,36.6,39.2,951.7,33.1,22.8,18269,0.3,1.1,1,210.7,SSW,62,4.19,1
6233827,36.6,38.4,951.8,33.2,22.6,18263,0.3,1.1,1,18.8,NNE,64,4.18,1
6237035,36.6,38.9,951.7,33.2,22.6,18271,0.2,0.8,1,128.9,SE,62,4.19,1
6240242,36.6,38.8,951.8,33.2,22.7,18258,0.1,0.6,0,111.8,ESE,61,4.18,1
6243449,36.6,38.7,951.8,33.2,22.8,18265,0.1,0.6,0,333.0,NNW,64,4.19,1
6246656,36.6,38.5,951.8,33.2,22.8,18268,0.2,0.8,1,222.4,SW,62,4.19,1
6249863,36.6,38.3,951.7,33.2,22.9,18263,0.0,0.3,0,212.8,SSW,63,4.18,1
6253072,36.6,38.8,951.7,33.2,22.9,18241,0.0,0.0,0,258.7,WSW,63,4.18,1
6256279,36.6,38.9,951.7,33.2,23.0,18208,0.0,0.0,0,339.0,NNW,65,4.19,1
6259486,36.6,38.5,951.8,33.2,23.0,18231,0.0,0.0,0,342.8,NNW,64,4.19,1
6262693,36.6,38.8,951.7,33.2,23.0,18223,0.0,0.0,0,306.2,NW,64,4.19,1
6265900,36.6,38.5,951.7,33.2,23.0,18213,0.0,0.0,0,327.6,NNW,63,4.19,1
6269107,36.6,39.0,951.6,33.2,23.0,18221,0.0,0.0,0,336.2,NNW,65,4.20,1
6272314,36.6,38.5,951.7,33.2,23.0,18198,0.0,0.0,0,314.9,NW,62,4.18,1
6275521,36.7,38.3,951.6,33.2,23.0,18200,0.0,0.0,0,273.5,W,64,4.18,1
6278730,36.7,38.5,951.7,33.2,23.0,18202,0.0,0.0,0,268.6,W,63,4.19,1
6281937,36.7,39.0,951.7,33.2,22.9,18198,0.1,0.6,0,325.9,NW,65,4.18,1
6285144,36.7,38.4,951.7,33.2,22.6,18204,0.3,1.1,1,234.7,SW,66,4.18,1
6288351,36.7,38.3,951.7,33.2,22.6,18190,0.3,1.4,1,333.0,NNW,62,4.19,1
6291558,36.7,38.6,951.7,33.2,22.8,18208,0.3,1.4,1,267.9,W,62,4.19,1
6294765,36.7,39.2,951.7,33.3,22.9,18192,0.3,1.4,1,212.8,SSW,64,4.18,1
6297972,36.7,38.3,951.7,33.3,23.0,18203,0.3,1.4,1,311.4,NW,65,4.18,1
6301181,36.7,38.4,951.7,33.3,22.9,18195,0.2,0.8,1,13.6,NNE,64,4.19,1
6304388,36.7,38.4,951.8,33.3,22.9,18193,0.3,1.1,1,230.6,SW,62,4.18,1
6307595,36.7,38.5,951.8,33.3,22.8,18194,0.3,1.4,1,240.0,WSW,63,4.19,1
6310802,36.7,38.4,951.8,33.3,23.0,18199,0.3,1.4,1,12.7,NNE,64,4.19,1
6314009,36.7,38.4,951.7,33.3,23.1,18207,0.3,1.1,1,95.1,E,65,4.18,1
6317216,36.7,38.3,951.7,33.3,23.3,18198,0.3,1.4,1,37.2,NE,65,4.18,1
6320423,36.7,38.3,951.7,33.3,23.4,18221,0.4,1.7,1,90.4,E,62,4.18,1
6323632,36.7,38.2,951.7,33.3,23.4,18213,0.4,1.7,1,63.2,ENE,63,4.19,1
6326839,36.7,38.3,951.7,33.3,23.5,18198,0.6,2.2,1,61.7,ENE,64,4.18,1
6330046,36.7,38.3,951.7,33.3,23.5,18183,0.6,2.2,1,60.5,ENE,63,4.19,1
6333253,36.7,39.3,951.7,33.3,23.4,18198,0.6,2.2,1,50.1,NE,65,4.19,1
6336460,36.7,38.9,951.6,33.3,23.2,18208,0.5,2.0,1,38.5,NE,65,4.19,1
6339667,36.7,38.9,951.8,33.3,23.2,18174,0.4,1.7,1,37.8,NE,65,4.18,1
6342874,36.7,38.4,951.7,33.3,23.2,18186,0.3,1.4,1,4.7,N,61,4.19,1
6346081,36.7,39.2,951.8,33.3,23.3,18194,0.2,0.8,1,330.2,NNW,61,4.19,1
6349290,36.7,38.4,951.7,33.3,23.3,18182,0.3,1.1,1,326.0,NW,60,4.19,1
6352497,36.7,38.4,951.7,33.3,23.3,18179,0.2,0.8,1,312.8,NW,62,4.19,1
6355704,36.7,38.4,951.8,33.3,23.3,18180,0.1,0.6,0,315.6,NW,62,4.20,1
6358911,36.7,39.3,951.7,33.3,23.3,18201,0.2,0.8,1,336.4,NNW,58,4.18,1
6362118,36.7,38.3,951.6,33.3,23.2,18188,0.1,0.6,0,334.6,NNW,60,4.19,1
6365325,36.7,39.0,951.7,33.3,23.3,18181,0.0,0.3,0,339.9,NNW,64,4.18,1
6368532,36.7,39.1,951.7,33.3,23.2,18158,0.0,0.3,0,299.4,WNW,63,4.18,1
6371741,36.7,39.2,951.7,33.3,23.1,18158,0.1,0.6,0,262.0,W,59,4.18,1
6374948,36.7,38.4,951.7,33.3,23.2,18152,0.2,0.8,1,261.7,W,64,4.18,1
6378155,36.7,39.2,951.7,33.3,23.3,18171,0.3,1.4,1,260.4,W,62,4.18,1
6381363,36.7,38.4,951.7,33.4,23.5,18168,0.3,1.4,1,251.9,WSW,63,4.19,1
6384569,36.8,39.1,951.7,33.4,23.3,18156,0.3,1.1,1,255.2,WSW,65,4.19,1
6387776,36.8,39.2,951.7,33.4,23.3,18148,0.3,1.1,1,260.7,W,62,4.17,1
6390983,36.8,39.3,951.7,33.4,23.1,18153,0.4,1.7,1,262.0,W,62,4.18,1
6394193,36.8,39.2,951.7,33.4,23.1,18153,0.6,2.2,1,259.6,W,65,4.17,1
6397399,36.8,39.1,951.6,33.4,23.1,18136,0.6,2.2,1,284.3,WNW,61,4.19,1
6400606,36.8,39.3,951.6,33.4,22.8,18131,0.7,2.5,1,300.1,WNW,63,4.19,1
6403813,36.8,39.2,951.8,33.4,22.4,18126,0.7,2.5,1,291.3,WNW,61,4.19,1
6407020,36.8,39.1,951.7,33.4,22.4,18119,0.7,2.8,1,257.0,WSW,65,4.18,1
6410227,36.8,39.2,951.7,33.4,22.4,18125,0.7,2.8,1,358.6,N,62,4.19,1
6413434,36.8,39.0,951.7,33.4,22.5,18128,0.7,2.5,1,346.7,NNW,60,4.19,1
6416640,36.8,39.0,951.7,33.4,22.4,18132,0.8,3.1,1,135.5,SE,63,4.19,1
6419847,36.8,39.1,951.7,33.3,22.2,18117,0.8,3.1,1,342.6,NNW,63,4.19,1
6423054,36.8,39.0,951.7,33.3,21.9,18108,0.9,3.4,1,215.5,SW,60,4.19,1
6426261,36.8,38.6,951.8,33.3,21.8,18107,0.9,3.4,1,317.0,NW,64,4.19,1
6429468,36.8,39.0,951.7,33.3,22.0,18113,0.8,3.1,1,284.5,WNW,64,4.18,1
6432676,36.8,39.1,951.6,33.3,22.0,18098,0.8,3.1,1,205.0,SSW,60,4.19,1
6435882,36.8,38.5,951.7,33.3,22.1,18102,0.7,2.5,1,94.5,E,62,4.19,1
6439089,36.8,38.4,951.7,33.3,21.9,18096,0.6,2.2,1,265.4,W,58,4.18,1
6442298,36.8,39.2,951.7,33.3,21.8,18083,0.7,2.5,1,204.3,SSW,63,4.20,1
6445506,36.7,39.2,951.7,33.3,21.9,18062,0.6,2.2,1,313.6,NW,61,4.19,1
6448713,36.7,39.2,951.6,33.3,22.0,18075,0.6,2.2,1,289.0,WNW,61,4.18,1
6451919,36.7,38.9,951.7,33.3,21.9,18081,0.7,2.8,1,234.0,SW,65,4.18,1
6455126,36.7,39.1,951.7,33.3,21.8,18068,0.7,2.8,1,297.5,WNW,63,4.19,1
6458333,36.7,39.0,951.6,33.3,21.8,18057,0.7,2.5,1,292.6,WNW,64,4.18,1
6461540,36.7,38.7,951.7,33.2,21.9,18044,0.7,2.5,1,283.8,WNW,64,4.18,1
6464749,36.7,39.2,951.7,33.2,22.1,18030,0.5,2.0,1,290.9,WNW,65,4.18,1
6467956,36.7,39.2,951.7,33.2,22.2,18045,0.5,2.0,1,316.8,NW,66,4.18,1
6471163,36.7,38.9,951.7,33.2,22.2,18031,0.3,1.4,1,335.2,NNW,61,4.19,1
6474370,36.7,39.1,951.7,33.2,22.2,18037,0.4,1.7,1,333.9,NNW,64,4.19,1
6477577,36.7,38.3,951.6,33.2,22.2,18028,0.3,1.1,1,301.7,WNW,64,4.17,1
6480784,36.7,39.4,951.6,33.2,22.2,18019,0.3,1.4,1,303.3,WNW,65,4.19,1
6483991,36.7,39.2,951.7,33.2,22.1,18020,0.3,1.4,1,275.5,W,65,4.18,1
6487200,36.7,39.2,951.7,33.2,22.1,18027,0.4,1.7,1,258.8,W,64,4.19,1
6490407,36.7,39.1,951.7,33.2,22.1,18028,0.6,2.2,1,355.4,N,65,4.19,1
6493614,36.7,39.3,951.7,33.2,21.9,18022,0.7,2.5,1,250.8,WSW,63,4.19,1
6496821,36.7,39.3,951.7,33.2,21.8,18017,0.7,2.8,1,285.6,WNW,65,4.19,1
6500029,36.7,38.9,951.7,33.2,21.8,18013,0.8,3.1,1,251.6,WSW,62,4.19,1
6503235,36.7,38.5,951.7,33.2,21.9,17998,0.8,3.1,1,301.6,WNW,62,4.18,1
6506442,36.7,39.3,951.7,33.2,21.9,18018,0.7,2.8,1,290.9,WNW,65,4.19,1
6509649,36.7,38.7,951.7,33.2,21.7,18004,0.7,2.8,1,287.5,WNW,65,4.19,1
6512858,36.6,38.7,951.7,33.1,21.2,18029,1.0,3.6,1,253.3,WSW,63,4.19,1
6516065,36.6,38.5,951.7,33.1,21.4,18022,1.4,5.3,1,217.6,SW,64,4.18,1
6519272,36.6,38.8,951.7,33.1,21.6,18009,1.4,5.3,1,210.5,SSW,65,4.19,1
6522479,36.6,38.5,951.7,33.1,21.5,18019,1.1,4.2,1,17.8,NNE,60,4.19,1
6525686,36.6,38.5,951.6,33.1,21.5,18008,1.6,5.9,2,170.3,S,62,4.18,1
6528893,36.6,38.4,951.7,33.1,21.5,17988,1.6,5.9,2,268.5,W,63,4.18,1
6532100,36.6,38.6,951.7,33.1,21.5,18008,1.4,5.3,1,285.2,WNW,61,4.19,1
6535309,36.6,38.7,951.7,33.1,21.5,18008,1.3,4.8,1,228.8,SW,62,4.19,1
6538516,36.6,39.0,951.6,33.1,21.4,18005,1.5,5.6,2,300.1,WNW,62,4.18,1
6541723,36.6,39.1,951.7,33.1,21.4,17995,1.8,6.7,2,227.5,SW,65,4.18,1
6544930,36.6,38.6,951.7,33.1,21.4,18009,1.6,5.9,2,291.3,WNW,63,4.19,1
6548137,36.5,38.5,951.7,33.1,21.1,18000,1.4,5.0,1,274.5,W,61,4.19,1
6551344,36.5,38.9,951.7,33.0,20.8,17989,1.2,4.5,1,266.6,W,64,4.18,1
6554551,36.5,38.8,951.7,33.0,20.6,17990,1.1,4.2,1,276.9,W,60,4.19,1
6557760,36.5,38.7,951.7,33.0,20.6,17960,1.0,3.6,1,311.4,NW,62,4.18,1
6560967,36.5,39.3,951.7,33.0,20.6,17966,1.0,3.6,1,223.2,SW,62,4.17,1
6564174,36.5,38.6,951.7,33.0,20.7,17968,0.8,3.1,1,273.8,W,62,4.18,1
6567381,36.5,38.7,951.7,33.0,20.9,17983,0.7,2.5,1,321.2,NW,64,4.19,1
6570588,36.5,38.7,951.7,33.0,21.0,17968,0.6,2.2,1,63.2,ENE,61,4.18,1
6573795,36.5,38.7,951.7,33.0,21.2,17942,0.5,2.0,1,108.5,ESE,65,4.19,1
6577002,36.5,39.1,951.6,33.0,21.3,17961,0.4,1.7,1,341.5,NNW,60,4.19,1
6580208,36.4,38.7,951.7,33.0,21.4,17952,0.4,1.7,1,175.4,S,63,4.19,1
6583416,36.4,38.9,951.7,32.9,21.5,17958,0.7,2.5,1,222.3,SW,63,4.18,1
6586622,36.4,38.8,951.7,32.9,21.7,17948,0.8,3.1,1,53.2,NE,59,4.19,1
6589829,36.4,39.1,951.8,32.9,21.8,17943,0.7,2.5,1,274.4,W,60,4.18,1
6593036,36.4,38.9,951.7,32.9,21.8,17929,0.7,2.5,1,275.8,W,64,4.19,1
6596244,36.4,38.8,951.6,32.9,21.9,17943,1.0,3.9,1,161.1,SSE,62,4.18,1
6599450,36.4,39.2,951.7,32.9,22.0,17948,0.9,3.4,1,322.6,NW,61,4.18,1
6602657,36.4,38.8,951.7,32.9,22.0,17936,0.8,3.1,1,331.0,NNW,61,4.20,1
6605866,36.4,38.9,951.6,32.9,22.2,17923,0.8,3.1,1,164.5,SSE,61,4.18,1
6609073,36.4,39.1,951.6,32.9,22.1,17934,0.7,2.5,1,272.4,W,61,4.18,1
6612280,36.4,39.0,951.7,32.9,21.9,17949,0.6,2.2,1,264.6,W,62,4.19,1
6615489,36.4,39.5,951.7,32.9,21.9,17927,0.7,2.5,1,198.3,SSW,60,4.18,1
6618696,36.3,38.8,951.7,32.9,22.0,17930,0.6,2.2,1,340.1,NNW,65,4.18,1
6621903,36.3,39.1,951.7,32.9,22.0,17931,0.6,2.2,1,186.2,S,65,4.17,1
6625110,36.3,38.8,951.7,32.9,22.1,17938,0.7,2.5,1,184.5,S,61,4.19,1
6628319,36.3,38.7,951.7,32.9,22.1,17918,0.6,2.2,1,7.8,N,63,4.18,1
6631526,36.3,39.3,951.7,32.9,22.0,17894,0.7,2.5,1,243.7,WSW,60,4.19,1
6634733,36.3,38.9,951.7,32.9,21.9,17927,0.6,2.2,1,305.4,NW,64,4.18,1
6637940,36.3,39.8,951.7,32.9,22.0,17920,1.0,3.6,1,171.7,S,63,4.18,1
6641147,36.3,39.7,951.7,32.9,22.0,17920,0.9,3.4,1,182.9,S,63,4.19,1
6644354,36.3,39.2,951.7,32.9,22.0,17908,0.8,3.1,1,259.1,W,66,4.18,1
6647562,36.3,38.9,951.6,32.9,22.1,17923,0.9,3.4,1,241.5,WSW,65,4.18,1
6650768,36.3,38.9,951.7,32.9,22.4,17912,0.8,3.1,1,5.7,N,65,4.18,1
6653977,36.3,39.2,951.7,32.9,22.4,17910,0.7,2.5,1,226.8,SW,64,4.18,1
6657184,36.3,39.4,951.6,32.9,22.3,17894,0.7,2.8,1,157.5,SSE,65,4.19,1
6660391,36.3,39.0,951.6,32.9,22.4,17900,0.7,2.5,1,143.7,SE,61,4.19,1
6663598,36.3,38.7,951.6,32.9,22.5,17900,0.6,2.2,1,50.3,NE,62,4.18,1
6666805,36.3,38.9,951.7,32.9,22.6,17851,0.5,2.0,1,358.3,N,63,4.20,1
6670012,36.3,39.4,951.7,32.9,23.3,17931,0.4,1.7,1,9.1,N,65,4.18,1
6673219,36.3,39.7,951.7,33.0,23.5,17933,0.3,1.4,1,5.6,N,65,4.19,1
6676428,36.3,38.8,951.6,33.0,23.4,17924,0.3,1.1,1,309.2,NW,62,4.19,1
6679636,36.3,39.0,951.6,33.0,23.1,17943,0.3,1.4,1,235.2,SW,62,4.18,1
6682843,36.3,38.9,951.6,33.0,22.9,17920,0.3,1.4,1,45.4,NE,63,4.19,1
6686050,36.3,39.1,951.7,33.0,22.6,17964,0.3,1.1,1,108.1,ESE,63,4.19,1
6689258,36.3,38.9,951.7,33.0,22.5,17943,0.3,1.4,1,300.3,WNW,63,4.19,1
6692464,36.3,38.7,951.7,33.0,22.3,17923,0.4,1.7,1,60.2,ENE,64,4.19,1
6695671,36.3,38.7,951.6,33.0,22.4,17920,0.4,1.7,1,219.4,SW,65,4.18,1
6698880,36.2,38.8,951.7,33.0,22.4,17911,0.3,1.4,1,206.6,SSW,64,4.18,1
6702088,36.2,38.9,951.7,33.0,22.5,17905,0.3,1.1,1,334.4,NNW,61,4.19,1
6705294,36.3,39.3,951.7,33.0,22.5,17897,0.3,1.1,1,192.3,SSW,64,4.19,1
6708501,36.3,38.8,951.7,33.0,22.4,17897,0.3,1.1,1,27.5,NNE,64,4.19,1
6711708,36.2,38.8,951.6,33.0,22.5,17904,0.5,2.0,1,106.8,ESE,63,4.18,1
6714915,36.2,38.7,951.6,33.0,22.4,17905,0.6,2.2,1,313.3,NW,62,4.19,1
6718123,36.2,39.0,951.7,33.0,22.5,17892,0.6,2.2,1,319.0,NW,63,4.19,1
6721330,36.2,39.8,951.7,33.0,22.4,17888,0.7,2.5,1,280.4,W,62,4.19,1
6724538,36.2,39.0,951.7,33.0,22.3,17868,0.7,2.5,1,162.2,SSE,66,4.18,1
6727745,36.2,39.0,951.6,33.0,22.3,17869,0.7,2.5,1,193.3,SSW,65,4.20,1
6730952,36.2,38.7,951.6,33.0,22.3,17873,0.5,2.0,1,299.1,WNW,64,4.18,1
6734159,36.2,39.4,951.6,33.0,22.3,17879,0.4,1.7,1,156.5,SSE,65,4.18,1
6737366,36.2,39.4,951.7,33.0,22.3,17832,0.4,1.7,1,354.4,N,62,4.19,1
6740573,36.2,39.1,951.7,33.0,22.3,17853,0.3,1.4,1,154.5,SSE,66,4.18,1
6743781,36.2,38.8,951.7,33.0,22.3,17840,0.3,1.1,1,281.7,WNW,63,4.19,1
6746989,36.2,39.1,951.6,33.0,22.4,17825,0.3,1.1,1,29.3,NNE,65,4.20,1
6750196,36.2,39.1,951.7,33.0,22.4,17841,0.3,1.1,1,44.0,NE,66,4.20,1
6753403,36.2,38.9,951.7,33.0,22.4,17821,0.3,1.4,1,82.5,E,62,4.19,1
6756610,36.2,38.7,951.6,33.0,22.6,17827,0.3,1.4,1,74.3,ENE,63,4.19,1
6759817,36.2,39.2,951.6,33.0,22.6,17832,0.3,1.4,1,45.3,NE,66,4.18,1
6763024,36.2,39.3,951.6,33.0,22.6,17820,0.3,1.4,1,105.6,ESE,62,4.19,1
6766232,36.2,39.0,951.7,33.0,22.6,17828,0.3,1.1,1,47.3,NE,66,4.18,1
6769440,36.2,39.0,951.5,33.0,22.6,17804,0.3,1.1,1,321.7,NW,64,4.19,1
6772648,36.2,39.5,951.6,33.0,22.6,17818,0.3,1.1,1,248.2,WSW,64,4.18,1
6775854,36.2,39.1,951.7,33.0,22.5,17818,0.1,0.6,0,216.7,SW,62,4.19,1
6779061,36.2,39.8,951.7,33.0,22.5,17823,0.1,0.6,0,204.3,SSW,65,4.18,1
6782268,36.3,38.7,951.7,33.0,22.5,17798,0.1,0.6,0,241.3,WSW,64,4.18,1
6785475,36.3,38.7,951.6,33.0,22.4,17783,0.1,0.6,0,309.6,NW,65,4.19,1
6788682,36.3,39.0,951.6,33.0,22.4,17828,0.1,0.6,0,69.0,ENE,61,4.18,1
6791891,36.3,39.2,951.7,33.0,22.5,17818,0.0,0.3,0,11.0,N,63,4.19,1
6795098,36.3,38.7,951.6,33.1,22.5,17791,0.0,0.3,0,236.6,WSW,62,4.18,1
6798305,36.3,38.6,951.6,33.1,22.5,17797,0.0,0.3,0,243.4,WSW,60,4.18,1
6801512,36.3,39.1,951.7,33.1,22.5,17799,0.0,0.3,0,321.7,NW,62,4.18,1
6804719,36.3,39.0,951.6,33.1,22.5,17801,0.0,0.3,0,71.5,ENE,65,4.19,1
6807926,36.3,38.9,951.6,33.1,22.4,17773,0.0,0.0,0,87.8,E,63,4.19,1
6811134,36.3,38.8,951.7,33.1,22.0,17783,0.0,0.3,0,139.3,SE,65,4.19,1
6814340,36.3,38.7,951.7,33.1,21.8,17773,0.1,0.6,0,59.2,ENE,65,4.19,1
6817549,36.3,38.6,951.7,33.1,21.9,17771,0.1,0.6,0,193.8,SSW,64,4.18,1
6820756,36.3,38.8,951.7,33.1,22.1,17759,0.2,0.8,1,258.0,WSW,62,4.19,1
6823963,36.3,38.9,951.7,33.1,22.2,17775,0.2,0.8,1,244.9,WSW,65,4.17,1
6827170,36.3,39.0,951.6,33.1,22.1,17787,0.2,0.8,1,105.3,ESE,64,4.19,1
6830377,36.4,39.0,951.6,33.1,22.1,17738,0.3,1.1,1,330.4,NNW,65,4.19,1
6833584,36.4,38.7,951.6,33.2,22.2,17766,0.3,1.1,1,92.9,E,62,4.18,1
6836791,36.4,38.5,951.6,33.2,22.2,17754,0.3,1.1,1,142.4,SE,65,4.19,1
6840000,36.4,38.6,951.6,33.2,22.2,17753,0.3,1.1,1,73.5,ENE,64,4.19,1
6843208,36.4,38.8,951.6,33.2,22.2,17763,0.4,1.7,1,71.9,ENE,66,4.18,1
6846414,36.4,38.5,951.6,33.2,22.4,17760,0.4,1.7,1,98.7,E,61,4.19,1
6849621,36.4,38.7,951.6,33.2,22.6,17773,0.4,1.7,1,68.3,ENE,61,4.19,1
6852828,36.4,38.8,951.6,33.2,22.6,17764,0.5,2.0,1,49.3,NE,63,4.17,1
6856036,36.4,38.6,951.6,33.2,22.6,17788,0.6,2.2,1,108.7,ESE,61,4.19,1
6859242,36.4,38.5,951.6,33.2,22.7,17760,0.6,2.2,1,27.3,NNE,65,4.19,1
6862452,36.4,38.9,951.6,33.2,22.6,17758,0.6,2.2,1,94.8,E,65,4.17,1
6865658,36.4,38.4,951.6,33.2,22.6,17760,0.7,2.8,1,31.1,NNE,64,4.19,1
6868865,36.4,38.6,951.6,33.2,22.4,17737,0.7,2.5,1,93.7,E,62,4.19,1
6872072,36.4,38.5,951.6,33.3,22.4,17761,0.6,2.2,1,152.7,SSE,66,4.18,1
6875279,36.4,38.6,951.6,33.3,22.4,17720,0.6,2.2,1,250.2,WSW,63,4.19,1
6878486,36.4,38.9,951.6,33.3,22.3,17712,0.7,2.5,1,263.1,W,62,4.19,1
6881694,36.5,38.7,951.6,33.3,22.3,17743,0.6,2.2,1,291.1,WNW,62,4.19,1
6884900,36.5,38.9,951.6,33.3,22.4,17717,0.6,2.2,1,224.4,SW,64,4.18,1
6888109,36.5,38.3,951.6,33.3,22.4,17739,0.6,2.2,1,267.2,W,62,4.18,1
6891316,36.5,38.5,951.6,33.3,22.5,17717,0.6,2.2,1,269.2,W,64,4.19,1
6894523,36.5,38.6,951.6,33.3,22.5,17718,0.5,2.0,1,286.6,WNW,65,4.19,1
6897730,36.5,38.9,951.6,33.3,22.4,17724,0.6,2.2,1,257.5,WSW,65,4.19,1
6900937,36.5,38.5,951.6,33.3,22.2,17717,0.6,2.2,1,257.1,WSW,59,4.18,1
6904144,36.5,38.6,951.7,33.3,22.1,17729,0.6,2.2,1,288.2,WNW,62,4.20,1
6907351,36.5,38.5,951.6,33.3,22.2,17718,0.6,2.2,1,301.4,WNW,63,4.19,1
6910560,36.5,38.6,951.6,33.3,22.3,17723,0.4,1.7,1,280.9,W,62,4.19,1
6913767,36.5,38.4,951.6,33.3,22.4,17738,0.6,2.2,1,257.1,WSW,65,4.19,1
6916975,36.5,38.8,951.6,33.3,22.4,17713,0.7,2.8,1,236.5,WSW,62,4.19,1
6920181,36.5,39.0,951.6,33.3,22.2,17697,1.0,3.6,1,296.1,WNW,63,4.19,1
6923388,36.5,38.4,951.6,33.3,22.1,17698,1.1,4.2,1,226.4,SW,64,4.19,1
6926595,36.5,38.6,951.6,33.3,22.2,17710,1.4,5.3,1,259.8,W,65,4.18,1
6929802,36.5,39.3,951.7,33.3,22.1,17704,1.6,5.9,2,253.6,WSW,60,4.19,1
6933011,36.5,38.6,951.6,33.3,22.2,17712,1.4,5.3,1,261.5,W,64,4.18,1
6936218,36.5,38.5,951.6,33.3,22.2,17698,1.3,4.8,1,258.4,WSW,65,4.19,1
6939425,36.5,38.4,951.6,33.3,22.2,17710,1.2,4.5,1,215.2,SW,63,4.19,1
6942632,36.5,38.3,951.6,33.3,22.2,17722,1.0,3.6,1,317.4,NW,62,4.19,1
6945839,36.5,39.3,951.6,33.3,22.1,17722,0.9,3.4,1,334.2,NNW,65,4.18,1
6949046,36.5,38.4,951.6,33.3,22.1,17744,0.8,3.1,1,259.0,W,61,4.18,1
6952253,36.5,38.2,951.6,33.3,22.2,17746,0.8,3.1,1,239.4,WSW,60,4.18,1
6955460,36.5,38.4,951.6,33.3,22.2,17688,0.7,2.8,1,266.9,W,60,4.18,1
6958669,36.5,38.3,951.6,33.2,22.3,17710,0.7,2.5,1,257.2,WSW,64,4.19,1
6961876,36.5,38.7,951.7,33.2,22.3,17693,0.6,2.2,1,231.8,SW,62,4.17,1
6965083,36.5,38.8,951.6,33.2,22.3,17674,0.5,2.0,1,212.7,SSW,64,4.19,1
6968290,36.5,39.2,951.6,33.2,22.3,17703,0.4,1.7,1,210.7,SSW,65,4.18,1
6971497,36.5,38.3,951.6,33.2,22.4,17674,0.3,1.4,1,229.0,SW,64,4.19,1
6974704,36.5,39.2,951.6,33.2,22.4,17660,0.3,1.4,1,247.9,WSW,63,4.18,1
6977911,36.5,38.6,951.6,33.2,22.3,17682,0.3,1.1,1,262.6,W,65,4.17,1
6981120,36.5,38.5,951.6,33.2,22.4,17723,0.3,1.4,1,263.3,W,62,4.18,1
6984327,36.5,38.5,951.6,33.2,22.3,17677,0.3,1.1,1,265.0,W,62,4.19,1
6987534,36.5,38.9,951.6,33.2,22.4,17704,0.3,1.1,1,276.6,W,63,4.18,1
6990741,36.5,38.4,951.6,33.2,22.5,17707,0.3,1.1,1,286.5,WNW,64,4.19,1
6993950,36.5,38.4,951.6,33.2,22.7,17707,0.1,0.6,0,281.1,W,62,4.19,1
6997157,36.5,38.7,951.6,33.2,22.8,17700,0.2,0.8,1,339.0,NNW,60,4.19,1
7000364,36.5,38.3,951.6,33.2,22.8,17698,0.2,0.8,1,356.2,N,60,4.19,1
7003573,36.5,38.5,951.6,33.2,22.9,17670,0.1,0.6,0,12.0,NNE,63,4.19,1
7006780,36.5,39.1,951.6,33.2,23.0,17700,0.1,0.6,0,76.8,ENE,64,4.18,1
7009987,36.5,38.3,951.6,33.2,23.0,17668,0.2,0.8,1,80.8,E,65,4.19,1
7013194,36.5,39.3,951.6,33.2,23.1,17690,0.2,0.8,1,44.0,NE,64,4.18,1
7016401,36.5,39.0,951.6,33.2,23.1,17682,0.1,0.6,0,64.6,ENE,62,4.18,1
7019608,36.5,39.3,951.5,33.2,23.2,17653,0.2,0.8,1,47.8,NE,62,4.19,1
7022815,36.5,38.9,951.6,33.2,23.2,17652,0.3,1.1,1,75.8,ENE,57,4.19,1
7026022,36.5,39.4,951.6,33.2,23.2,17654,0.2,0.8,1,92.9,E,64,4.18,1
7029231,36.5,38.3,951.5,33.2,23.3,17668,0.3,1.1,1,81.5,E,62,4.19,1
7032439,36.5,39.3,951.6,33.2,23.3,17678,0.2,0.8,1,53.5,NE,65,4.18,1
7035645,36.5,38.4,951.6,33.2,23.2,17653,0.2,0.8,1,52.1,NE,59,4.19,1
7038852,36.5,39.4,951.6,33.2,23.2,17664,0.2,0.8,1,39.4,NE,61,4.18,1
7042059,36.5,39.0,951.7,33.2,23.0,17649,0.2,0.8,1,254.2,WSW,64,4.18,1
7045266,36.5,39.0,951.6,33.2,22.7,17670,0.3,1.1,1,128.5,SE,58,4.19,1
7048473,36.5,39.2,951.5,33.2,22.6,17654,0.3,1.1,1,301.2,WNW,64,4.18,1
7051683,36.5,39.0,951.6,33.2,22.8,17658,0.5,2.0,1,224.7,SW,65,4.18,1
7054889,36.5,38.9,951.6,33.2,22.9,17648,0.4,1.7,1,119.2,ESE,60,4.19,1
7058097,36.5,39.3,951.6,33.3,23.0,17638,0.4,1.7,1,224.4,SW,64,4.19,1
7061303,36.5,38.4,951.6,33.3,23.0,17639,0.3,1.4,1,125.0,SE,61,4.18,1
7064510,36.5,39.0,951.6,33.3,22.9,17661,0.4,1.7,1,284.8,WNW,60,4.19,1
7067717,36.5,38.9,951.6,33.3,22.8,17657,0.5,2.0,1,223.7,SW,62,4.18,1
7070924,36.5,39.3,951.6,33.3,22.6,17653,0.7,2.5,1,332.4,NNW,60,4.19,1
7074133,36.5,38.7,951.6,33.3,22.6,17679,0.7,2.5,1,252.8,WSW,63,4.19,1
7077340,36.5,38.7,951.5,33.3,22.6,17665,0.6,2.2,1,312.7,NW,62,4.19,1
7080547,36.5,38.4,951.6,33.3,22.7,17660,0.5,2.0,1,31.9,NNE,65,4.18,1
7083754,36.5,39.0,951.6,33.3,22.7,17635,0.5,2.0,1,16.0,NNE,65,4.18,1
7086961,36.6,38.5,951.6,33.3,22.5,17656,0.5,2.0,1,196.2,SSW,64,4.19,1
7090169,36.6,38.3,951.5,33.3,22.4,17613,0.6,2.2,1,288.8,WNW,64,4.19,1
7093375,36.6,38.9,951.6,33.3,22.4,17645,0.5,2.0,1,347.2,NNW,62,4.18,1
7096582,36.6,39.3,951.5,33.3,22.4,17632,0.4,1.7,1,307.2,NW,63,4.19,1
7099791,36.6,38.6,951.6,33.3,22.6,17625,0.3,1.4,1,297.9,WNW,61,4.19,1
7102998,36.6,38.8,951.5,33.3,22.6,17607,0.3,1.4,1,304.7,NW,64,4.19,1
7106205,36.6,38.9,951.6,33.3,22.7,17615,0.3,1.4,1,314.1,NW,65,4.18,1
7109412,36.6,38.8,951.6,33.3,22.7,17613,0.3,1.1,1,296.9,WNW,65,4.17,1
7112619,36.6,38.9,951.6,33.3,22.6,17587,0.2,0.8,1,269.3,W,61,4.19,1
7115826,36.6,38.9,951.5,33.3,22.6,17588,0.2,0.8,1,278.6,W,61,4.20,1
7119033,36.6,38.4,951.6,33.3,22.6,17590,0.2,0.8,1,352.1,N,64,4.18,1
7122242,36.6,38.9,951.6,33.3,22.7,17608,0.2,0.8,1,35.5,NE,65,4.19,1
7125449,36.6,38.2,951.6,33.3,22.7,17590,0.2,0.8,1,38.0,NE,65,4.18,1
7128656,36.6,38.3,951.5,33.3,22.8,17608,0.1,0.6,0,37.6,NE,65,4.18,1
7131863,36.6,38.8,951.5,33.3,22.8,17594,0.1,0.6,0,40.1,NE,58,4.19,1
7135070,36.6,38.8,951.6,33.3,22.9,17579,0.0,0.3,0,38.5,NE,63,4.18,1
7138277,36.6,38.6,951.6,33.3,23.0,17580,0.0,0.0,0,38.0,NE,65,4.19,1
7141484,36.6,39.2,951.6,33.3,23.0,17587,0.0,0.0,0,36.2,NE,63,4.18,1
7144693,36.6,39.2,951.5,33.3,23.1,17588,0.0,0.0,0,56.3,ENE,61,4.18,1
7147900,36.6,39.2,951.5,33.3,23.1,17605,0.0,0.3,0,31.8,NNE,65,4.18,1
7151107,36.6,39.3,951.5,33.3,23.1,17588,0.0,0.3,0,326.0,NW,65,4.18,1
7154314,36.6,38.9,951.5,33.3,23.1,17608,0.0,0.0,0,323.9,NW,61,4.19,1
7157521,36.6,38.3,951.6,33.3,23.2,17578,0.0,0.0,0,305.8,NW,65,4.18,1
7160728,36.6,39.2,951.6,33.3,23.2,17577,0.0,0.0,0,264.7,W,60,4.19,1
7163935,36.7,39.1,951.6,33.3,23.2,17559,0.0,0.0,0,234.0,SW,60,4.19,1
7167142,36.7,39.3,951.5,33.3,23.2,17589,0.0,0.0,0,151.0,SSE,60,4.19,1
7170351,36.7,38.9,951.6,33.3,23.2,17555,0.0,0.0,0,40.4,NE,66,4.19,1
7173558,36.7,39.1,951.6,33.3,23.2,17573,0.0,0.0,0,330.6,NNW,64,4.19,1
7176765,36.7,38.5,951.5,33.3,23.2,17566,0.0,0.0,0,318.8,NW,65,4.19,1
7179972,36.7,39.0,951.6,33.3,23.2,17567,0.0,0.0,0,318.8,NW,65,4.18,1
7183179,36.7,39.1,951.5,33.3,23.3,17567,0.0,0.0,0,314.7,NW,62,4.19,1
7186386,36.7,39.3,951.5,33.3,23.5,17558,0.0,0.0,0,202.5,SSW,64,4.18,1
7189593,36.7,38.5,951.5,33.3,23.7,17571,0.2,0.8,1,192.9,SSW,60,4.18,1
7192802,36.7,38.7,951.4,33.3,23.5,17532,0.3,1.4,1,266.3,W,63,4.18,1
7196009,36.7,39.2,951.6,33.4,23.4,17533,0.3,1.1,1,239.9,WSW,63,4.19,1
7199216,36.7,39.3,951.5,33.4,23.5,17547,0.3,1.1,1,203.1,SSW,65,4.18,1
7202423,36.8,39.0,951.5,33.4,23.5,17537,0.2,0.8,1,109.4,ESE,65,4.18,1
7205630,36.8,39.1,951.6,33.4,23.5,17563,0.2,0.8,1,336.5,NNW,62,4.18,1
7208837,36.8,38.7,951.5,33.4,23.5,17071,0.2,0.8,1,228.2,SW,64,4.19,1
7212044,36.8,39.2,951.5,33.4,23.6,16982,0.3,1.1,1,215.6,SW,58,4.18,1
7215253,36.8,38.9,951.6,33.4,23.3,17011,0.5,2.0,1,212.0,SSW,64,4.17,1
7218460,36.8,39.0,951.5,33.4,23.0,17534,0.6,2.2,1,299.1,WNW,65,4.17,1
7221667,36.8,38.8,951.5,33.4,22.9,17139,0.5,2.0,1,262.4,W,59,4.18,1
7224874,36.8,39.2,951.5,33.4,22.9,17515,0.5,2.0,1,212.7,SSW,62,4.19,1
7228081,36.8,39.1,951.5,33.4,22.9,17516,0.4,1.7,1,267.0,W,65,4.17,1
7231288,36.8,39.2,951.5,33.4,22.9,17524,0.4,1.7,1,359.9,N,65,4.19,1
7234495,36.8,39.1,951.5,33.4,22.9,17517,0.4,1.7,1,321.6,NW,63,4.19,1
7237704,36.8,38.8,951.5,33.4,23.1,17507,0.3,1.1,1,300.4,WNW,63,4.18,1
7240911,36.8,38.7,951.5,33.4,23.1,17513,0.3,1.1,1,262.8,W,63,4.19,1
7244118,36.8,38.8,951.5,33.4,23.2,17525,0.3,1.1,1,199.9,SSW,58,4.19,1
7247325,36.8,39.0,951.5,33.4,23.2,17520,0.3,1.1,1,7.0,N,62,4.18,1
7250532,36.8,39.0,951.4,33.4,23.3,17525,0.2,0.8,1,208.1,SSW,65,4.19,1
7253739,36.8,38.7,951.5,33.4,23.2,17524,0.2,0.8,1,240.4,WSW,63,4.18,1
7256946,36.9,39.1,951.5,33.4,22.7,17507,0.6,2.2,1,288.9,WNW,65,4.17,1
7260153,36.9,39.1,951.4,33.4,22.5,17511,0.6,2.2,1,179.6,S,60,4.18,1
7263362,36.9,39.0,951.5,33.4,22.4,17535,0.6,2.2,1,269.8,W,62,4.18,1
7266569,36.9,38.8,951.5,33.4,22.2,17524,0.7,2.8,1,287.1,WNW,62,4.18,1
7269777,36.9,38.9,951.5,33.4,22.3,17518,1.0,3.9,1,224.2,SW,65,4.17,1
7272983,36.9,38.6,951.5,33.4,22.4,17507,1.0,3.6,1,318.6,NW,64,4.18,1
7276190,36.9,38.9,951.5,33.4,22.4,17505,0.9,3.4,1,329.8,NNW,65,4.19,1
7279398,36.9,38.3,951.5,33.4,22.2,17513,0.8,3.1,1,243.2,WSW,64,4.17,1
7282604,36.9,38.9,951.5,33.4,22.3,17505,0.8,3.1,1,285.1,WNW,65,4.18,1
7285813,36.9,38.9,951.5,33.4,22.4,17520,0.7,2.8,1,255.4,WSW,60,4.18,1
7289020,36.9,39.0,951.5,33.4,22.3,17506,0.7,2.8,1,278.8,W,61,4.19,1
7292227,36.9,38.9,951.5,33.4,22.3,17511,0.8,3.1,1,286.1,WNW,62,4.18,1
7295435,36.9,38.8,951.5,33.4,22.3,17503,0.9,3.4,1,265.9,W,62,4.19,1
7298641,36.9,39.0,951.6,33.3,22.4,17493,0.8,3.1,1,254.1,WSW,62,4.19,1
7301848,36.9,38.6,951.5,33.3,22.2,17467,0.8,3.1,1,288.3,WNW,64,4.18,1
7305055,36.9,39.0,951.5,33.3,22.4,17484,0.7,2.8,1,253.1,WSW,65,4.18,1
7308264,36.9,39.0,951.5,33.3,22.5,17493,0.8,3.1,1,259.1,W,61,4.19,1
7311471,36.9,38.9,951.5,33.3,22.5,17471,0.7,2.8,1,274.3,W,62,4.19,1
7314678,36.9,39.1,951.6,33.3,22.5,17472,0.7,2.5,1,274.9,W,65,4.18,1
7317885,36.8,38.8,951.6,33.3,22.5,17457,0.7,2.5,1,288.2,WNW,64,4.18,1
7321092,36.8,39.2,951.5,33.3,22.6,17471,0.6,2.2,1,285.1,WNW,61,4.19,1
7324299,36.8,38.8,951.5,33.3,22.7,17457,0.5,2.0,1,201.8,SSW,63,4.18,1
7327507,36.8,39.0,951.5,33.3,22.7,17448,0.4,1.7,1,40.6,NE,65,4.17,1
7330713,36.8,38.8,951.6,33.3,22.6,17447,0.3,1.4,1,239.3,WSW,61,4.18,1
7333922,36.8,38.6,951.6,33.3,22.4,17425,0.3,1.4,1,285.1,WNW,65,4.18,1
7337129,36.8,39.1,951.6,33.3,22.4,17460,0.3,1.4,1,307.0,NW,63,4.19,1
7340336,36.8,39.0,951.5,33.3,22.4,17443,0.3,1.4,1,283.9,WNW,65,4.18,1
7343543,36.8,39.0,951.6,33.3,22.5,17458,0.4,1.7,1,240.9,WSW,65,4.19,1
7346750,36.8,38.2,951.5,33.2,22.5,17438,0.6,2.2,1,264.9,W,65,4.19,1
7349957,36.8,38.3,951.5,33.2,22.6,17425,0.7,2.5,1,247.0,WSW,65,4.19,1
7353164,36.8,39.1,951.6,33.2,22.5,17423,0.7,2.5,1,326.5,NNW,60,4.19,1
7356373,36.8,39.1,951.6,33.2,22.5,17418,0.5,2.0,1,142.4,SE,62,4.17,1
7359580,36.8,38.8,951.6,33.2,22.5,17417,0.5,2.0,1,195.0,SSW,65,4.19,1
7362787,36.8,38.2,951.6,33.2,22.5,17420,0.4,1.7,1,264.2,W,63,4.19,1
7365994,36.8,39.0,951.6,33.2,22.6,17412,0.5,2.0,1,276.3,W,62,4.18,1
7369201,36.8,38.8,951.6,33.2,22.6,17407,0.6,2.2,1,316.1,NW,63,4.19,1
7372411,36.8,39.0,951.5,33.2,22.5,17413,0.5,2.0,1,119.7,ESE,65,4.18,1
7375617,36.8,39.1,951.6,33.2,22.5,17415,0.4,1.7,1,206.1,SSW,59,4.18,1
7378826,36.8,38.8,951.5,33.2,22.5,17403,0.3,1.4,1,332.5,NNW,62,4.17,1
7382033,36.8,38.7,951.5,33.2,22.5,17377,0.3,1.4,1,81.9,E,63,4.19,1
7385240,36.8,39.0,951.6,33.2,22.4,17382,0.3,1.1,1,142.2,SE,65,4.19,1
7388447,36.8,39.2,951.5,33.2,22.4,17378,0.2,0.8,1,235.3,SW,60,4.18,1
7391655,36.8,38.9,951.5,33.2,22.2,17383,0.3,1.1,1,331.6,NNW,60,4.18,1
7394861,36.8,38.4,951.5,33.2,21.9,17398,0.3,1.4,1,222.6,SW,65,4.18,1
7398068,36.8,39.1,951.5,33.2,22.1,17391,0.4,1.7,1,249.5,WSW,65,4.18,1
7401274,36.8,38.8,951.6,33.2,22.2,17380,0.4,1.7,1,313.1,NW,64,4.19,1
7404481,36.8,39.1,951.6,33.2,22.2,17372,0.4,1.7,1,6.0,N,65,4.19,1
7407689,36.8,39.2,951.6,33.2,22.2,17373,0.3,1.4,1,290.3,WNW,65,4.19,1
7410895,36.8,39.1,951.5,33.2,22.2,17378,0.3,1.4,1,226.3,SW,61,4.19,1
7414102,36.8,39.1,951.5,33.2,22.2,17374,0.3,1.4,1,261.2,W,61,4.18,1
7417309,36.8,39.0,951.5,33.2,22.2,17368,0.4,1.7,1,272.2,W,65,4.18,1
7420516,36.8,38.8,951.6,33.2,22.2,17380,0.5,2.0,1,255.5,WSW,64,4.19,1
7423723,36.8,39.3,951.6,33.2,22.4,17356,0.6,2.2,1,239.1,WSW,63,4.19,1
7426932,36.8,39.3,951.6,33.2,22.4,17348,0.7,2.5,1,160.3,SSE,61,4.18,1
7430139,36.8,38.6,951.5,33.2,22.5,17343,0.7,2.5,1,143.3,SE,65,4.17,1
7433346,36.8,39.2,951.5,33.2,22.6,17349,0.6,2.2,1,143.8,SE,65,4.19,1
7436553,36.8,39.3,951.5,33.2,22.6,17333,0.5,2.0,1,167.3,SSE,65,4.19,1
7439760,36.8,39.1,951.5,33.2,22.7,17342,0.4,1.7,1,144.5,SE,63,4.18,1
7442967,36.8,38.9,951.6,33.2,22.7,17341,0.5,2.0,1,32.9,NNE,62,4.19,1
7446174,36.8,39.2,951.5,33.2,22.7,17333,0.4,1.7,1,286.1,WNW,65,4.18,1
7449383,36.8,39.3,951.5,33.2,22.6,17330,0.4,1.7,1,329.0,NNW,62,4.17,1
7452590,36.8,38.3,951.5,33.2,22.6,17343,0.4,1.7,1,13.0,NNE,63,4.18,1
7455797,36.8,39.1,951.5,33.2,22.6,17293,0.4,1.7,1,227.3,SW,65,4.19,1
7459004,36.8,39.2,951.6,33.2,22.6,17321,0.3,1.4,1,147.4,SSE,63,4.18,1
7462211,36.8,39.4,951.5,33.2,22.6,17306,0.3,1.4,1,192.3,SSW,62,4.19,1
7465419,36.8,39.0,951.6,33.2,22.7,17313,0.3,1.1,1,260.6,W,60,4.19,1
7468626,36.8,39.3,951.5,33.2,22.6,17313,0.3,1.1,1,257.2,WSW,61,4.19,1
7471834,36.8,38.4,951.6,33.2,22.6,17308,0.3,1.1,1,270.4,W,65,4.17,1
7475041,36.8,39.2,951.6,33.2,22.7,17301,0.3,1.1,1,261.2,W,62,4.19,1
7478248,36.8,39.3,951.6,33.2,22.8,17340,0.2,0.8,1,248.2,WSW,62,4.19,1
7481455,36.8,39.2,951.6,33.2,22.8,17311,0.2,0.8,1,249.7,WSW,64,4.19,1
7484662,36.8,39.3,951.5,33.2,22.7,17323,0.1,0.6,0,255.4,WSW,61,4.18,1
7487870,36.8,39.2,951.5,33.2,22.7,17298,0.1,0.6,0,273.2,W,62,4.17,1
7491076,36.8,39.0,951.5,33.2,22.7,17296,0.1,0.6,0,270.8,W,61,4.19,1
7494283,36.8,39.2,951.5,33.2,22.8,17311,0.1,0.6,0,239.3,WSW,59,4.18,1
7497492,36.8,38.5,951.5,33.2,23.0,17307,0.2,0.8,1,222.5,SW,65,4.17,1
7500699,36.8,39.4,951.5,33.2,23.1,17327,0.2,0.8,1,224.7,SW,62,4.18,1
7503906,36.8,39.0,951.6,33.2,23.2,17305,0.2,0.8,1,239.8,WSW,62,4.19,1
7507113,36.8,38.8,951.5,33.2,23.1,17302,0.3,1.1,1,288.4,WNW,65,4.19,1
7510320,36.8,39.0,951.6,33.2,23.0,17303,0.3,1.1,1,298.3,WNW,62,4.19,1
7513527,36.8,38.9,951.5,33.2,23.0,17300,0.2,0.8,1,288.9,WNW,64,4.20,1
7516734,36.8,38.5,951.5,33.2,23.0,17303,0.2,0.8,1,302.3,WNW,63,4.18,1
7519954,36.8,38.8,951.6,33.2,23.1,17280,0.1,0.6,0,300.9,WNW,63,4.18,1
7523160,36.8,39.1,951.5,33.2,23.2,17299,0.1,0.6,0,294.4,WNW,65,4.18,1
7526367,36.8,39.3,951.5,33.2,23.2,17275,0.0,0.3,0,298.6,WNW,65,4.19,1
7529574,36.8,39.2,951.5,33.2,23.3,17275,0.0,0.3,0,299.1,WNW,64,4.18,1
7532781,36.8,39.0,951.5,33.2,23.3,17263,0.0,0.3,0,291.0,WNW,63,4.18,1
7535988,36.8,39.4,951.5,33.2,23.4,17274,0.0,0.0,0,289.6,WNW,65,4.19,1
7539195,36.8,39.1,951.5,33.2,23.4,17271,0.0,0.0,0,319.0,NW,65,4.18,1
7542404,36.8,38.9,951.5,33.2,23.4,17261,0.0,0.0,0,354.9,N,63,4.18,1
7545611,36.8,39.3,951.5,33.2,23.4,17263,0.0,0.0,0,25.2,NNE,62,4.18,1
7548818,36.8,39.2,951.5,33.2,23.5,17251,0.0,0.0,0,17.4,NNE,65,4.18,1
7552025,36.8,39.3,951.5,33.2,23.5,17268,0.0,0.0,0,0.9,N,64,4.19,1
7555232,36.8,39.1,951.6,33.2,23.5,17267,0.0,0.0,0,2.9,N,63,4.19,1
7558439,36.8,39.3,951.5,33.2,23.6,17261,0.0,0.0,0,2.3,N,63,4.18,1
7561646,36.8,39.0,951.5,33.2,23.6,17253,0.0,0.0,0,300.5,WNW,62,4.19,1
7564853,36.8,39.3,951.5,33.2,23.6,17246,0.0,0.3,0,187.4,S,62,4.19,1
7568062,36.8,39.3,951.5,33.2,23.7,17241,0.1,0.6,0,240.7,WSW,61,4.18,1
7571269,36.8,39.2,951.6,33.2,23.8,17274,0.3,1.4,1,203.8,SSW,65,4.19,1
7574476,36.9,39.2,951.5,33.2,23.8,17252,0.3,1.1,1,214.2,SW,65,4.19,1
7577683,36.9,38.7,951.5,33.2,23.7,17258,0.2,0.8,1,264.1,W,64,4.18,1
7580890,36.9,39.2,951.5,33.3,23.6,17247,0.2,0.8,1,316.8,NW,63,4.19,1
7584097,36.9,39.1,951.5,33.3,23.6,17234,0.1,0.6,0,296.0,WNW,65,4.18,1
7587304,36.9,39.1,951.5,33.3,23.6,17245,0.2,0.8,1,242.3,WSW,62,4.19,1
7590513,36.9,38.4,951.5,33.3,23.6,17244,0.1,0.6,0,168.2,SSE,62,4.19,1
7593720,36.9,38.5,951.5,33.3,23.6,17253,0.1,0.6,0,203.0,SSW,63,4.18,1
7596927,36.9,39.4,951.5,33.3,23.5,17240,0.2,0.8,1,296.7,WNW,62,4.18,1
7600134,36.9,39.3,951.6,33.3,23.4,17241,0.2,0.8,1,312.4,NW,63,4.19,1
7603341,36.9,39.3,951.6,33.3,23.5,17236,0.2,0.8,1,220.2,SW,64,4.19,1
7606548,36.9,39.2,951.5,33.3,23.5,17248,0.2,0.8,1,243.2,WSW,62,4.19,1
7609755,37.0,39.2,951.5,33.3,23.7,17242,0.3,1.1,1,85.5,E,62,4.18,1
7612964,37.0,39.2,951.6,33.3,23.6,17233,0.2,0.8,1,208.8,SSW,64,4.19,1
7616172,37.0,39.3,951.5,33.3,23.6,17243,0.2,0.8,1,330.0,NNW,62,4.18,1
7619378,37.0,39.2,951.6,33.4,23.5,17227,0.2,0.8,1,9.0,N,64,4.18,1
7622585,37.0,39.2,951.5,33.4,23.5,17238,0.1,0.6,0,308.3,NW,62,4.19,1
7625792,37.0,39.0,951.6,33.4,23.5,17203,0.1,0.6,0,239.4,WSW,65,4.18,1
7628999,37.0,39.2,951.5,33.4,23.6,17226,0.2,0.8,1,255.5,WSW,64,4.18,1
7632206,37.0,39.2,951.5,33.4,23.5,17221,0.1,0.6,0,289.3,WNW,65,4.19,1
7635415,37.0,38.5,951.5,33.4,23.5,17215,0.1,0.6,0,298.9,WNW,61,4.18,1
7638622,37.0,39.2,951.5,33.4,23.5,17208,0.0,0.3,0,297.4,WNW,60,4.19,1
7641829,37.0,38.5,951.5,33.4,23.6,17216,0.0,0.3,0,288.7,WNW,62,4.18,1
7645036,37.0,39.2,951.5,33.4,23.6,17233,0.0,0.3,0,301.7,WNW,61,4.17,1
7648243,37.0,38.9,951.5,33.4,23.6,17196,0.0,0.3,0,311.9,NW,64,4.19,1
7651450,37.0,39.1,951.5,33.4,23.6,17191,0.0,0.3,0,311.5,NW,65,4.17,1
7654657,37.0,38.5,951.5,33.4,23.7,17198,0.0,0.0,0,311.2,NW,64,4.18,1
7657864,37.0,39.3,951.5,33.4,23.6,17194,0.0,0.0,0,315.0,NW,61,4.18,1
7661073,37.0,38.7,951.5,33.4,23.6,17183,0.0,0.3,0,260.1,W,65,4.18,1
7664280,37.0,38.7,951.5,33.4,23.7,17194,0.1,0.6,0,215.1,SW,64,4.18,1
7667487,37.1,39.0,951.5,33.4,23.6,17188,0.2,0.8,1,293.2,WNW,65,4.18,1
7670694,37.1,38.7,951.5,33.4,23.5,17167,0.2,0.8,1,287.2,WNW,61,4.17,1
7673901,37.1,39.2,951.5,33.4,23.2,17182,0.3,1.1,1,255.0,WSW,61,4.19,1
7677108,37.1,39.2,951.6,33.4,23.1,17178,0.3,1.4,1,288.6,WNW,61,4.18,1
7680315,37.1,39.1,951.5,33.4,23.1,17165,0.3,1.4,1,222.1,SW,63,4.18,1
7683524,37.1,39.0,951.6,33.4,23.3,17165,0.4,1.7,1,203.5,SSW,65,4.18,1
7686731,37.1,39.0,951.6,33.4,23.1,17159,0.5,2.0,1,357.1,N,63,4.19,1
7689938,37.1,39.0,951.5,33.4,23.1,17144,0.3,1.4,1,357.1,N,63,4.18,1
7693145,37.1,38.6,951.6,33.4,23.1,17152,0.4,1.7,1,253.5,WSW,63,4.18,1
7696353,37.1,38.5,951.5,33.4,23.2,17143,0.4,1.7,1,217.6,SW,65,4.19,1
7699559,37.1,38.4,951.5,33.4,23.3,17136,0.5,2.0,1,275.3,W,63,4.19,1
7702766,37.1,38.7,951.5,33.4,23.3,17156,0.4,1.7,1,291.9,WNW,65,4.18,1
7705975,37.1,38.4,951.6,33.4,23.3,17140,0.4,1.7,1,258.0,WSW,63,4.19,1
7709182,37.1,39.2,951.5,33.4,23.3,17131,0.5,2.0,1,357.9,N,64,4.18,1
7712389,37.1,39.1,951.5,33.4,23.2,17126,0.6,2.2,1,352.8,N,62,4.19,1
7715596,37.1,39.0,951.6,33.4,23.1,17118,0.5,2.0,1,300.8,WNW,62,4.19,1
7718803,37.1,38.5,951.5,33.4,23.1,17104,0.4,1.7,1,270.1,W,65,4.18,1
7722010,37.1,39.2,951.5,33.4,23.1,17117,0.5,2.0,1,292.0,WNW,61,4.18,1
7725217,37.1,39.2,951.6,33.4,23.1,17095,0.4,1.7,1,301.0,WNW,61,4.19,1
7728424,37.1,39.2,951.5,33.4,23.1,17088,0.4,1.7,1,300.9,WNW,59,4.18,1
7731633,37.1,38.4,951.6,33.4,23.2,17091,0.3,1.4,1,296.4,WNW,65,4.19,1
7734840,37.1,38.4,951.5,33.4,23.3,17076,0.3,1.4,1,260.8,W,61,4.19,1
7738047,37.1,38.4,951.6,33.4,23.4,17062,0.3,1.4,1,254.5,WSW,65,4.17,1
7741254,37.1,39.1,951.4,33.4,23.5,17063,0.3,1.4,1,284.6,WNW,63,4.18,1
7744461,37.1,39.2,951.4,33.4,23.6,17051,0.3,1.4,1,295.3,WNW,65,4.19,1
7747670,37.1,39.0,951.5,33.4,23.6,17067,0.3,1.4,1,260.3,W,62,4.19,1
7750877,37.2,39.0,951.5,33.4,23.6,17067,0.5,2.0,1,242.1,WSW,63,4.18,1
7754086,37.1,39.0,951.5,33.4,23.5,17081,0.6,2.2,1,268.4,W,65,4.19,1
7757293,37.2,38.7,951.5,33.4,23.3,17055,0.7,2.5,1,259.6,W,62,4.18,1
7760500,37.2,39.0,951.5,33.4,23.1,17035,0.6,2.2,1,261.1,W,63,4.18,1
7763707,37.2,38.4,951.5,33.4,23.1,17042,0.9,3.4,1,263.9,W,61,4.18,1
7766914,37.2,39.1,951.5,33.4,22.9,17038,0.9,3.4,1,224.4,SW,64,4.18,1
7770121,37.2,39.0,951.5,33.4,23.0,17038,1.0,3.6,1,302.5,WNW,63,4.19,1
7773328,37.2,39.0,951.5,33.4,23.1,17016,1.4,5.3,1,250.9,WSW,63,4.18,1
7776537,37.2,39.2,951.5,33.4,23.2,17027,1.4,5.3,1,222.1,SW,65,4.18,1
7779744,37.2,38.3,951.5,33.4,23.2,17009,1.2,4.5,1,308.0,NW,61,4.19,1
7782951,37.2,39.0,951.5,33.4,23.1,17017,1.1,4.2,1,230.8,SW,62,4.18,1
7786158,37.2,39.1,951.5,33.4,23.1,17004,1.0,3.9,1,304.9,NW,63,4.19,1
7789365,37.2,38.5,951.5,33.4,22.9,17018,0.9,3.4,1,215.7,SW,65,4.18,1
7792572,37.1,38.7,951.5,33.4,22.8,17023,0.8,3.1,1,13.3,NNE,65,4.19,1
7795779,37.2,38.6,951.6,33.4,22.7,17005,0.8,3.1,1,257.3,WSW,62,4.19,1
7798986,37.1,39.1,951.4,33.4,22.8,17020,0.7,2.5,1,177.4,S,65,4.18,1
7802196,37.1,39.2,951.5,33.4,23.0,16993,0.6,2.2,1,203.3,SSW,65,4.19,1
7805402,37.1,39.2,951.5,33.4,23.1,16985,0.6,2.2,1,200.2,SSW,60,4.19,1
7808609,37.1,38.3,951.6,33.4,23.1,17022,0.5,2.0,1,152.2,SSE,63,4.19,1
7811816,37.1,39.2,951.6,33.4,23.1,16991,0.7,2.8,1,201.9,SSW,66,4.17,1
7815023,37.1,39.2,951.5,33.4,23.1,16993,0.7,2.5,1,191.3,SSW,65,4.17,1
7818230,37.1,39.1,951.5,33.4,23.1,16989,0.6,2.2,1,179.5,S,62,4.19,1
7821438,37.1,39.3,951.5,33.4,23.1,16968,0.5,2.0,1,137.6,SE,63,4.19,1
7824646,37.1,39.0,951.5,33.4,23.1,16988,0.4,1.7,1,72.6,ENE,65,4.19,1
7827853,37.1,38.8,951.5,33.4,23.1,16990,0.4,1.7,1,113.6,ESE,64,4.19,1
7831060,37.1,38.8,951.5,33.4,23.2,17014,0.3,1.4,1,174.9,S,58,4.18,1
7834267,37.1,39.1,951.5,33.4,23.2,16986,0.3,1.4,1,174.1,S,62,4.19,1
7837474,37.1,38.9,951.5,33.4,23.2,16999,0.3,1.1,1,185.5,S,65,4.18,1
7840681,37.1,39.1,951.5,33.4,23.2,16982,0.2,0.8,1,218.3,SW,64,4.19,1
7843889,37.1,39.2,951.5,33.4,23.2,16983,0.2,0.8,1,268.1,W,62,4.18,1
7847098,37.1,38.7,951.5,33.4,23.1,16967,0.3,1.4,1,267.0,W,65,4.19,1
7850305,37.1,39.1,951.6,33.4,23.6,16976,0.6,2.2,1,70.3,ENE,60,4.19,1
7853512,37.1,39.2,951.5,33.4,23.7,16968,0.5,2.0,1,326.4,NNW,64,4.18,1
7856719,37.1,39.2,951.5,33.4,23.6,16990,0.5,2.0,1,257.3,WSW,65,4.19,1
7859926,37.1,39.3,951.5,33.4,23.4,16962,0.5,2.0,1,256.1,WSW,64,4.18,1
7863133,37.1,38.8,951.5,33.4,23.5,16972,0.5,2.0,1,279.1,W,64,4.19,1
7866340,37.1,38.4,951.5,33.4,23.2,16953,0.5,2.0,1,262.1,W,65,4.17,1
7869549,37.1,39.2,951.5,33.4,23.3,16945,0.6,2.2,1,249.7,WSW,66,4.18,1
7872756,37.1,38.8,951.5,33.4,23.3,16960,0.4,1.7,1,199.1,SSW,64,4.19,1
7875963,37.2,39.2,951.5,33.4,23.2,16955,0.3,1.4,1,168.4,SSE,65,4.18,1
7879170,37.1,38.4,951.6,33.4,23.1,16955,0.3,1.4,1,215.8,SW,61,4.18,1
7882377,37.1,39.1,951.5,33.4,23.1,16949,0.3,1.4,1,221.4,SW,63,4.19,1
7885584,37.1,39.0,951.5,33.4,23.1,16961,0.3,1.1,1,329.5,NNW,62,4.17,1
7888791,37.1,38.8,951.5,33.4,22.9,16934,0.3,1.1,1,231.3,SW,65,4.18,1
7891998,37.1,39.0,951.6,33.4,23.0,16953,0.2,0.8,1,312.1,NW,64,4.19,1
7895207,37.1,38.4,951.5,33.4,23.1,16961,0.3,1.1,1,20.0,NNE,63,4.18,1
7898414,37.1,39.3,951.5,33.5,23.1,16958,0.1,0.6,0,104.3,ESE,61,4.19,1
7901621,37.1,39.2,951.4,33.5,22.9,16936,0.2,0.8,1,140.0,SE,60,4.18,1
7904828,37.1,38.3,951.5,33.5,22.8,16933,0.2,0.8,1,0.6,N,64,4.19,1
7908035,37.1,39.0,951.5,33.5,22.8,16942,0.4,1.7,1,303.1,WNW,64,4.18,1
7911242,37.1,38.4,951.4,33.5,22.7,16937,0.4,1.7,1,145.2,SE,62,4.18,1
7914449,37.1,38.6,951.5,33.5,22.7,16947,0.5,2.0,1,266.3,W,65,4.18,1
7917658,37.1,38.5,951.5,33.5,22.6,16944,0.4,1.7,1,280.2,W,65,4.18,1
7920866,37.1,38.8,951.5,33.5,22.6,16938,0.4,1.7,1,190.3,S,58,4.18,1
7924072,37.1,38.5,951.5,33.5,22.7,16942,0.3,1.4,1,168.3,SSE,63,4.19,1
7927279,37.1,39.2,951.6,33.5,22.6,16936,0.3,1.4,1,207.5,SSW,61,4.18,1
7930486,37.1,38.6,951.5,33.5,22.6,16949,0.3,1.4,1,354.6,N,63,4.18,1
7933694,37.1,39.1,951.5,33.5,22.5,16933,0.5,2.0,1,255.5,WSW,64,4.19,1
7936900,37.1,38.4,951.6,33.5,22.6,16925,0.7,2.5,1,182.2,S,62,4.19,1
7940109,37.1,38.6,951.5,33.5,22.7,16938,0.6,2.2,1,266.7,W,60,4.18,1
7943316,37.1,38.4,951.5,33.5,22.6,16924,0.7,2.5,1,282.0,WNW,65,4.18,1
7946523,37.1,38.4,951.5,33.5,22.2,16930,0.7,2.8,1,254.7,WSW,62,4.19,1
7949730,37.1,38.7,951.5,33.5,22.1,16933,0.8,3.1,1,268.6,W,62,4.19,1
7952937,37.1,39.0,951.5,33.5,22.1,16927,0.8,3.1,1,264.2,W,65,4.18,1
7956144,37.1,38.4,951.5,33.5,22.2,16921,0.9,3.4,1,260.1,W,61,4.19,1
7959351,37.1,39.0,951.5,33.5,22.3,16913,0.8,3.1,1,249.4,WSW,65,4.18,1
7962558,37.1,38.5,951.5,33.5,22.3,16900,0.8,3.1,1,251.7,WSW,65,4.19,1
7965767,37.1,38.5,951.5,33.5,22.4,16909,0.7,2.5,1,253.7,WSW,60,4.18,1
7968974,37.1,39.2,951.5,33.5,22.5,16904,0.6,2.2,1,319.6,NW,65,4.18,1
7972181,37.1,38.8,951.5,33.5,22.5,16898,0.5,2.0,1,342.2,NNW,64,4.19,1
7975388,37.1,39.2,951.5,33.5,22.5,16901,0.5,2.0,1,228.6,SW,63,4.17,1
7978595,37.1,39.3,951.5,33.5,22.6,16898,0.5,2.0,1,33.5,NNE,65,4.18,1
7981802,37.1,39.2,951.5,33.5,22.7,16902,0.4,1.7,1,289.0,WNW,61,4.19,1
7985009,37.1,39.0,951.5,33.5,22.7,16893,0.4,1.7,1,333.5,NNW,65,4.18,1
7988218,37.1,39.0,951.5,33.5,22.8,16895,0.3,1.1,1,84.8,E,64,4.18,1
7991425,37.1,38.9,951.5,33.5,22.8,16886,0.3,1.4,1,93.2,E,62,4.19,1
7994633,37.1,39.2,951.5,33.5,22.8,16878,0.2,0.8,1,343.3,NNW,64,4.19,1
7997839,37.1,38.5,951.5,33.5,22.9,16867,0.2,0.8,1,298.6,WNW,64,4.18,1
8001046,37.1,39.4,951.5,33.5,22.9,16853,0.3,1.4,1,262.2,W,64,4.18,1
8004253,37.1,39.3,951.4,33.5,22.8,16873,0.3,1.4,1,240.8,WSW,61,4.18,1
8007460,37.1,39.3,951.5,33.5,22.9,16866,0.3,1.1,1,286.5,WNW,65,4.18,1
8010669,37.1,39.0,951.5,33.5,22.9,16861,0.3,1.1,1,352.8,N,64,4.18,1
8013876,37.1,39.2,951.5,33.5,22.9,16861,0.2,0.8,1,63.8,ENE,63,4.18,1
8017083,37.1,39.0,951.5,33.5,22.9,16848,0.2,0.8,1,85.3,E,65,4.18,1
8020290,37.1,39.0,951.5,33.5,22.9,16822,0.2,0.8,1,81.6,E,63,4.18,1
8023497,37.1,39.2,951.5,33.5,23.0,16835,0.3,1.1,1,66.7,ENE,61,4.19,1
8026704,37.1,39.2,951.5,33.5,23.1,16830,0.2,0.8,1,54.1,NE,65,4.18,1
8029911,37.1,38.9,951.5,33.5,23.1,16837,0.2,0.8,1,78.7,ENE,59,4.19,1
8033118,37.1,39.1,951.5,33.5,23.2,16820,0.3,1.1,1,109.6,ESE,64,4.19,1
8036327,37.1,39.2,951.5,33.5,23.2,16838,0.3,1.1,1,97.3,E,64,4.18,1
8039534,37.1,38.9,951.5,33.5,23.3,16836,0.2,0.8,1,98.0,E,65,4.19,1
8042742,37.1,39.1,951.5,33.5,23.4,16828,0.2,0.8,1,83.6,E,64,4.19,1
8045948,37.1,38.9,951.5,33.5,23.4,16845,0.2,0.8,1,38.2,NE,62,4.19,1
8049155,37.1,39.0,951.5,33.5,23.3,16826,0.2,0.8,1,268.6,W,65,4.19,1
8052362,37.1,39.1,951.5,33.6,23.2,16816,0.3,1.4,1,250.4,WSW,60,4.18,1
8055569,37.1,39.3,951.5,33.6,23.1,16812,0.3,1.4,1,269.3,W,64,4.18,1
8058778,37.1,39.3,951.5,33.6,23.1,16813,0.3,1.1,1,226.0,SW,61,4.19,1
8061985,37.1,39.2,951.4,33.6,23.2,16801,0.3,1.1,1,92.3,E,62,4.19,1
8065192,37.1,38.6,951.5,33.6,23.1,16813,0.3,1.1,1,129.7,SE,61,4.19,1
8068399,37.1,39.1,951.5,33.6,23.0,16801,0.2,0.8,1,310.6,NW,61,4.18,1
8071606,37.1,39.2,951.4,33.6,22.7,16817,0.2,0.8,1,123.8,SE,62,4.18,1
8074813,37.1,39.1,951.5,33.6,22.5,16785,0.2,0.8,1,189.5,S,62,4.18,1
8078021,37.1,38.7,951.4,33.6,22.5,16798,0.2,0.8,1,258.4,WSW,65,4.18,1
8081229,37.1,39.1,951.4,33.6,22.4,16788,0.2,0.8,1,312.8,NW,62,4.18,1
8084436,37.1,38.9,951.4,33.6,22.3,16803,0.3,1.1,1,261.5,W,65,4.18,1
8087643,37.1,38.4,951.4,33.6,22.2,16795,0.2,0.8,1,289.7,WNW,65,4.19,1
8090850,37.1,39.0,951.4,33.6,22.2,16792,0.3,1.1,1,327.3,NNW,64,4.17,1
8094057,37.1,38.7,951.4,33.6,22.2,16773,0.1,0.6,0,324.5,NW,64,4.18,1
8097264,37.1,38.8,951.5,33.6,22.3,16767,0.2,0.8,1,323.2,NW,62,4.18,1
8100471,37.1,39.2,951.4,33.6,22.3,16786,0.1,0.6,0,322.3,NW,61,4.18,1
8103679,37.1,39.1,951.4,33.6,22.4,16763,0.0,0.3,0,322.6,NW,65,4.19,1
8106887,37.1,39.0,951.5,33.6,22.4,16758,0.0,0.3,0,322.9,NW,63,4.19,1
8110094,37.1,38.7,951.4,33.6,22.4,16753,0.0,0.0,0,322.7,NW,61,4.18,1
8113301,37.1,39.2,951.4,33.6,22.5,16747,0.0,0.0,0,311.9,NW,60,4.18,1
8116508,37.1,38.7,951.5,33.6,22.6,16743,0.0,0.0,0,309.0,NW,65,4.17,1
8119715,37.1,39.1,951.4,33.7,22.7,16739,0.0,0.0,0,299.1,WNW,62,4.18,1
8122922,37.1,38.7,951.5,33.7,22.7,16732,0.0,0.0,0,274.2,W,62,4.18,1
8126131,37.1,39.3,951.5,33.7,22.7,16743,0.0,0.0,0,266.0,W,65,4.17,1
8129340,37.1,38.4,951.5,33.7,22.8,16736,0.0,0.0,0,257.4,WSW,62,4.19,1
8132547,37.1,38.9,951.3,33.7,22.9,16741,0.0,0.0,0,255.9,WSW,65,4.18,1
8135754,37.1,38.6,951.5,33.7,22.9,16745,0.0,0.0,0,294.2,WNW,65,4.17,1
8138961,37.1,38.4,951.4,33.7,22.8,16720,0.0,0.0,0,304.1,NW,61,4.18,1
8142168,37.1,39.1,951.4,33.7,22.8,16729,0.0,0.0,0,280.9,W,62,4.19,1
8145375,37.1,39.1,951.5,33.7,22.8,16725,0.0,0.0,0,272.6,W,65,4.18,1
8148582,37.1,38.3,951.4,33.7,23.0,16743,0.0,0.0,0,300.5,WNW,65,4.17,1
8151791,37.1,38.7,951.4,33.7,23.0,16731,0.0,0.0,0,304.8,NW,65,4.18,1
8154998,37.1,38.3,951.5,33.7,22.9,16736,0.0,0.0,0,312.8,NW,62,4.19,1
8158205,37.1,39.0,951.4,33.7,22.9,16737,0.0,0.0,0,28.8,NNE,61,4.19,1
8161412,37.1,38.4,951.4,33.7,22.8,16755,0.0,0.0,0,73.7,ENE,65,4.18,1
8164619,37.2,38.8,951.4,33.7,22.9,16728,0.0,0.0,0,61.4,ENE,62,4.18,1
8167826,37.2,38.5,951.4,33.7,22.9,16734,0.0,0.0,0,25.7,NNE,64,4.19,1
8171033,37.1,38.4,951.4,33.7,23.0,16726,0.0,0.0,0,0.7,N,61,4.19,1
8174240,37.2,38.3,951.5,33.7,23.0,16726,0.0,0.0,0,9.3,N,62,4.18,1
8177449,37.2,38.5,951.4,33.7,23.0,16713,0.0,0.0,0,340.0,NNW,62,4.19,1
8180656,37.2,38.3,951.4,33.7,23.0,16696,0.0,0.0,0,301.4,WNW,64,4.19,1
8183863,37.2,38.2,951.5,33.7,23.0,16738,0.0,0.0,0,290.4,WNW,60,4.18,1
8187070,37.2,38.5,951.5,33.7,23.1,16718,0.0,0.0,0,291.2,WNW,65,4.19,1
8190277,37.2,39.1,951.4,33.7,23.2,16710,0.0,0.0,0,303.1,WNW,62,4.18,1
8193484,37.2,38.5,951.4,33.7,23.2,16714,0.0,0.0,0,26.1,NNE,57,4.18,1
8196691,37.2,38.8,951.4,33.7,23.3,16690,0.0,0.0,0,119.3,ESE,64,4.18,1
8199900,37.2,38.3,951.4,33.7,23.3,16714,0.0,0.0,0,77.1,ENE,62,4.18,1
8203107,37.2,38.5,951.4,33.7,23.3,16706,0.0,0.0,0,33.7,NNE,62,4.17,1
8206314,37.2,38.5,951.5,33.7,23.3,16665,0.0,0.0,0,49.1,NE,65,4.18,1
8209521,37.2,38.6,951.4,33.7,23.4,16710,0.0,0.0,0,86.1,E,65,4.19,1
8212728,37.2,38.3,951.4,33.7,23.5,16668,0.0,0.0,0,82.0,E,61,4.18,1
8215935,37.2,39.2,951.4,33.8,23.7,16703,0.0,0.0,0,81.6,E,65,4.18,1
8219142,37.2,38.3,951.4,33.8,23.9,16664,0.0,0.0,0,76.4,ENE,62,4.19,1
8222351,37.2,39.0,951.4,33.8,23.9,16668,0.0,0.0,0,89.0,E,65,4.19,1
8225558,37.3,38.9,951.4,33.8,24.1,16660,0.1,0.6,0,94.6,E,63,4.19,1
8228765,37.3,39.1,951.5,33.8,24.5,16689,0.3,1.4,1,67.1,ENE,63,4.19,1
8231972,37.3,39.1,951.4,33.8,24.6,16689,0.5,2.0,1,56.1,NE,65,4.18,1
8235179,37.3,39.1,951.4,33.8,24.3,16668,0.5,2.0,1,58.1,ENE,63,4.19,1
8238387,37.3,39.0,951.4,33.8,24.1,16668,0.5,2.0,1,108.8,ESE,65,4.18,1
8241594,37.3,38.6,951.4,33.8,23.9,16663,0.4,1.7,1,35.4,NE,64,4.18,1
8244800,37.3,38.2,951.4,33.8,23.9,16660,0.5,2.0,1,92.2,E,65,4.19,1
8248009,37.3,38.6,951.4,33.8,23.8,16639,0.6,2.2,1,8.3,N,65,4.19,1
8251216,37.3,38.7,951.4,33.9,23.8,16686,0.6,2.2,1,119.0,ESE,62,4.18,1
8254423,37.3,38.9,951.4,33.9,23.8,16687,0.6,2.2,1,43.6,NE,62,4.18,1
8257630,37.3,38.2,951.5,33.9,23.7,16656,0.5,2.0,1,35.0,NE,60,4.19,1
8260837,37.3,39.0,951.3,33.9,23.6,16666,0.4,1.7,1,62.4,ENE,64,4.17,1
8264044,37.3,38.3,951.4,33.9,23.5,16656,0.4,1.7,1,40.9,NE,65,4.19,1
8267251,37.3,38.6,951.4,33.9,23.4,16664,0.3,1.4,1,58.8,ENE,63,4.19,1
8270460,37.3,38.7,951.4,33.9,23.3,16671,0.3,1.4,1,118.5,ESE,64,4.19,1
8273667,37.3,38.9,951.4,33.9,23.5,16649,0.4,1.7,1,61.1,ENE,62,4.19,1
8276874,37.3,38.6,951.4,33.9,23.5,16665,0.3,1.4,1,38.9,NE,61,4.19,1
8280081,37.3,38.3,951.4,33.9,23.5,16647,0.4,1.7,1,80.6,E,63,4.18,1
8283288,37.3,38.3,951.4,33.9,23.5,16657,0.4,1.7,1,74.5,ENE,65,4.18,1
8286495,37.4,39.0,951.4,33.9,23.6,16635,0.5,2.0,1,81.9,E,61,4.19,1
8289702,37.4,38.6,951.4,33.9,23.6,16672,0.4,1.7,1,52.2,NE,62,4.19,1
8292909,37.4,39.0,951.4,34.0,23.6,16665,0.4,1.7,1,94.5,E,65,4.18,1
8296118,37.4,38.4,951.4,34.0,23.6,16648,0.4,1.7,1,110.9,ESE,60,4.18,1
8299325,37.4,38.7,951.4,34.0,23.5,16662,0.3,1.4,1,61.6,ENE,65,4.18,1
8302532,37.4,38.3,951.4,34.0,23.5,16642,0.3,1.1,1,351.9,N,61,4.18,1
8305739,37.4,38.9,951.4,34.0,23.3,16642,0.2,0.8,1,332.1,NNW,63,4.18,1
8308946,37.4,38.7,951.4,34.0,23.3,16652,0.3,1.1,1,3.2,N,60,4.18,1
8312153,37.4,38.3,951.4,34.0,23.2,16658,0.3,1.1,1,66.8,ENE,61,4.17,1
8315360,37.4,39.0,951.4,34.0,23.1,16634,0.2,0.8,1,143.4,SE,63,4.19,1
8318570,37.4,38.4,951.3,34.0,23.2,16603,0.1,0.6,0,203.0,SSW,65,4.17,1
8321776,37.4,38.2,951.4,34.0,23.2,16637,0.1,0.6,0,200.1,SSW,61,4.19,1
8324983,37.4,38.3,951.4,34.0,23.1,16623,0.2,0.8,1,200.5,SSW,65,4.17,1
8328190,37.4,38.1,951.4,34.0,23.0,16626,0.1,0.6,0,200.2,SSW,65,4.18,1
8331397,37.4,39.0,951.4,34.1,23.0,16620,0.1,0.6,0,203.2,SSW,62,4.19,1
8334604,37.4,38.3,951.4,34.1,23.0,16614,0.0,0.3,0,203.4,SSW,62,4.18,1
8337811,37.4,38.1,951.4,34.1,23.0,16578,0.0,0.3,0,204.9,SSW,63,4.19,1
8341020,37.4,38.4,951.4,34.1,22.8,16589,0.0,0.3,0,271.3,W,62,4.19,1
8344227,37.4,38.1,951.4,34.1,23.0,16602,0.3,1.4,1,240.8,WSW,62,4.18,1
8347434,37.5,38.2,951.5,34.1,23.0,16590,0.4,1.7,1,242.6,WSW,61,4.18,1
8350641,37.5,38.5,951.4,34.1,23.0,16606,0.4,1.7,1,294.2,WNW,63,4.18,1
8353848,37.5,38.2,951.4,34.1,23.0,16600,0.7,2.5,1,153.2,SSE,63,4.18,1
8357055,37.5,38.7,951.4,34.1,23.4,16595,0.8,3.1,1,211.0,SSW,59,4.18,1
8360262,37.5,38.2,951.4,34.1,23.4,16602,0.7,2.8,1,188.7,S,61,4.18,1
8363471,37.5,38.3,951.4,34.2,23.3,16579,0.7,2.5,1,136.7,SE,65,4.19,1
8366679,37.5,38.0,951.4,34.2,23.2,16568,0.5,2.0,1,109.8,ESE,64,4.19,1
8369886,37.5,38.6,951.4,34.1,23.2,16583,0.4,1.7,1,114.4,ESE,64,4.19,1
8373093,37.5,38.0,951.5,34.2,23.1,16558,0.4,1.7,1,115.8,ESE,63,4.18,1
8376300,37.5,38.2,951.5,34.2,23.1,16568,0.3,1.4,1,163.3,SSE,64,4.19,1
8379507,37.5,38.2,951.4,34.2,23.1,16578,0.4,1.7,1,9.5,N,62,4.19,1
8382714,37.5,38.3,951.4,34.1,23.1,16589,0.4,1.7,1,124.2,SE,59,4.18,1
8385921,37.5,38.7,951.5,34.2,23.1,16569,0.3,1.4,1,338.3,NNW,61,4.18,1
8389130,37.5,38.9,951.4,34.1,23.1,16563,0.3,1.4,1,117.6,ESE,61,4.17,1
8392337,37.5,38.0,951.5,34.2,23.0,16548,0.3,1.4,1,240.1,WSW,65,4.19,1
8395544,37.5,38.2,951.4,34.1,23.1,16545,0.3,1.1,1,313.2,NW,65,4.18,1
8398751,37.5,38.9,951.5,34.1,23.2,16563,0.3,1.4,1,299.0,WNW,64,4.18,1
8401958,37.5,38.3,951.5,34.1,23.1,16548,0.3,1.4,1,276.6,W,62,4.19,1
8405165,37.5,38.1,951.5,34.1,23.1,16560,0.3,1.1,1,282.9,WNW,65,4.18,1
8408372,37.5,38.3,951.4,34.1,23.2,16561,0.3,1.4,1,231.7,SW,65,4.18,1
8411581,37.5,38.4,951.4,34.1,23.2,16543,0.3,1.4,1,231.3,SW,65,4.19,1
8414788,37.5,38.5,951.5,34.1,23.4,16563,0.3,1.1,1,234.0,SW,60,4.18,1
8417995,37.5,38.1,951.4,34.1,23.6,16533,0.3,1.1,1,243.9,WSW,59,4.18,1
8421202,37.5,38.3,951.4,34.1,23.6,16530,0.2,0.8,1,306.2,NW,63,4.18,1
8424409,37.5,38.3,951.4,34.1,23.5,16536,0.2,0.8,1,317.2,NW,60,4.19,1
8427616,37.5,38.5,951.4,34.1,23.2,16537,0.3,1.4,1,224.8,SW,64,4.19,1
8430823,37.5,38.0,951.5,34.1,23.2,16534,0.3,1.4,1,321.8,NW,65,4.18,1
8434032,37.5,38.8,951.5,34.1,23.2,16528,0.3,1.4,1,348.8,N,60,4.19,1
8437239,37.5,38.1,951.4,34.1,23.2,16514,0.2,0.8,1,334.6,NNW,60,4.19,1
8440446,37.5,39.0,951.5,34.1,23.2,16526,0.2,0.8,1,328.2,NNW,65,4.18,1
8443653,37.5,38.6,951.5,34.1,23.3,16538,0.2,0.8,1,334.4,NNW,62,4.18,1
8446860,37.5,38.5,951.4,34.1,23.2,16512,0.1,0.6,0,294.6,WNW,60,4.19,1
8450067,37.5,38.3,951.5,34.1,23.2,16510,0.1,0.6,0,253.1,WSW,65,4.18,1
8453274,37.5,38.3,951.4,34.1,23.1,16503,0.2,0.8,1,257.0,WSW,62,4.19,1
8456481,37.5,38.7,951.4,34.1,23.1,16504,0.1,0.6,0,283.8,WNW,60,4.18,1
8459690,37.5,38.3,951.5,34.1,23.0,16480,0.0,0.3,0,298.6,WNW,63,4.19,1
8462898,37.5,38.8,951.4,34.0,22.9,16473,0.1,0.6,0,272.3,W,62,4.18,1
8466104,37.5,38.8,951.4,34.0,22.9,16467,0.2,0.8,1,358.6,N,60,4.19,1
8469311,37.5,38.8,951.5,34.0,23.0,16455,0.3,1.1,1,101.6,ESE,62,4.19,1
8472518,37.5,38.1,951.5,34.0,23.1,16467,0.3,1.4,1,182.2,S,62,4.18,1
8475725,37.5,38.3,951.5,34.0,23.1,16455,0.3,1.1,1,179.8,S,60,4.19,1
8478932,37.5,38.2,951.4,34.0,23.1,16452,0.3,1.1,1,40.6,NE,62,4.18,1
8482141,37.5,38.4,951.5,34.0,23.1,16448,0.3,1.1,1,276.9,W,62,4.18,1
8485348,37.5,38.4,951.4,34.0,23.1,16475,0.3,1.1,1,31.0,NNE,65,4.18,1
8488555,37.5,38.9,951.4,34.0,23.2,16455,0.2,0.8,1,207.9,SSW,65,4.19,1
8491762,37.5,38.3,951.4,34.0,23.2,16462,0.2,0.8,1,310.7,NW,65,4.18,1
8494969,37.5,38.4,951.4,34.0,23.3,16453,0.1,0.6,0,90.7,E,63,4.19,1
8498176,37.5,38.2,951.4,34.0,23.3,16462,0.1,0.6,0,165.6,SSE,65,4.18,1
8501383,37.5,38.1,951.4,34.0,23.3,16441,0.1,0.6,0,121.0,ESE,62,4.19,1
8504594,37.4,38.5,951.4,34.0,23.3,16433,0.1,0.6,0,349.2,N,62,4.19,1
8507801,37.4,38.2,951.4,34.0,23.3,16448,0.1,0.6,0,283.5,WNW,60,4.18,1
8511008,37.4,39.1,951.4,34.0,23.2,16456,0.0,0.3,0,269.8,W,62,4.18,1
8514215,37.5,38.5,951.4,34.0,23.2,16445,0.0,0.3,0,175.4,S,59,4.19,1
8517422,37.4,38.2,951.4,34.0,23.1,16428,0.0,0.3,0,12.2,NNE,64,4.17,1
8520629,37.5,38.3,951.4,34.0,23.2,16441,0.0,0.3,0,215.6,SW,62,4.18,1
8523836,37.5,38.5,951.4,34.0,23.2,16424,0.5,2.0,1,243.5,WSW,65,4.18,1
8527043,37.5,38.4,951.4,34.0,23.4,16430,1.0,3.6,1,217.2,SW,65,4.18,1
8530252,37.4,38.5,951.4,34.0,23.4,16425,1.0,3.6,1,249.6,WSW,65,4.18,1
8533459,37.5,38.6,951.4,34.0,23.4,16423,0.9,3.4,1,227.9,SW,65,4.17,1
8536666,37.5,38.5,951.4,34.0,23.3,16438,0.7,2.8,1,200.3,SSW,62,4.19,1
8539873,37.5,38.3,951.4,34.0,23.2,16413,0.7,2.8,1,204.7,SSW,63,4.18,1
8543080,37.5,38.4,951.4,34.0,23.2,16416,0.8,3.1,1,173.1,S,61,4.18,1
8546287,37.5,38.3,951.4,34.0,23.2,16438,0.8,3.1,1,261.3,W,60,4.18,1
8549494,37.5,38.7,951.4,34.0,23.0,16433,0.6,2.2,1,37.2,NE,61,4.19,1
8552704,37.5,38.3,951.4,34.0,23.0,16407,0.5,2.0,1,201.8,SSW,62,4.19,1
8555911,37.5,38.3,951.4,34.0,23.0,16422,0.5,2.0,1,192.6,SSW,61,4.18,1
8559118,37.5,38.2,951.4,34.0,23.0,16389,0.5,2.0,1,136.5,SE,64,4.18,1
8562325,37.5,38.4,951.4,34.0,22.8,16407,0.3,1.4,1,236.1,SW,64,4.18,1
8565532,37.5,38.6,951.3,34.0,22.7,16407,0.4,1.7,1,184.4,S,64,4.18,1
8568739,37.5,39.0,951.3,34.0,22.7,16390,0.4,1.7,1,172.5,S,63,4.18,1
8571946,37.5,38.2,951.4,34.0,22.7,16377,0.3,1.4,1,228.8,SW,61,4.19,1
8575155,37.5,38.8,951.3,34.1,22.7,16383,0.3,1.4,1,239.5,WSW,60,4.18,1
8578387,37.5,38.2,951.4,34.0,22.6,16364,0.2,0.8,1,248.9,WSW,63,4.19,1
8581594,37.5,38.4,951.4,34.0,22.5,16364,0.2,0.8,1,271.1,W,63,4.18,1
8584801,37.5,38.2,951.4,34.1,22.6,16370,0.3,1.4,1,210.5,SSW,65,4.17,1
8588008,37.5,38.5,951.4,34.1,22.8,16361,0.5,2.0,1,167.9,SSE,64,4.18,1
8591215,37.5,38.2,951.3,34.1,22.9,16368,0.6,2.2,1,203.2,SSW,64,4.18,1
8594422,37.5,38.6,951.4,34.1,22.9,16357,0.6,2.2,1,190.2,S,64,4.18,1
8597631,37.5,38.5,951.3,34.1,23.0,16347,0.7,2.5,1,188.1,S,62,4.18,1
8600838,37.5,38.4,951.4,34.1,23.0,16363,0.6,2.2,1,204.8,SSW,64,4.18,1
8604045,37.5,38.2,951.4,34.1,23.0,16354,0.5,2.0,1,226.5,SW,64,4.18,1
8607252,37.5,38.7,951.4,34.1,23.0,16332,0.5,2.0,1,242.0,WSW,64,4.17,1
8610459,37.5,38.2,951.4,34.1,23.0,16308,0.5,2.0,1,249.0,WSW,60,4.18,1
8613666,37.5,38.3,951.4,34.1,23.0,16333,0.3,1.4,1,249.0,WSW,64,4.18,1
8616873,37.5,38.4,951.4,34.1,22.9,16324,0.3,1.1,1,249.0,WSW,65,4.18,1
8620080,37.5,39.1,951.4,34.1,22.9,16292,0.3,1.4,1,249.4,WSW,61,4.18,1
8623289,37.5,38.2,951.4,34.1,22.9,16325,0.3,1.1,1,252.1,WSW,65,4.18,1
8626496,37.5,38.5,951.4,34.1,23.0,16285,0.3,1.1,1,247.9,WSW,62,4.18,1
8629703,37.5,38.3,951.3,34.1,23.1,16292,0.3,1.4,1,266.0,W,62,4.18,1
8632910,37.5,38.5,951.3,34.1,23.2,16293,0.4,1.7,1,182.3,S,60,4.18,1
8636117,37.5,38.4,951.4,34.1,23.2,16279,0.5,2.0,1,231.1,SW,61,4.18,1
8639324,37.5,38.2,951.4,34.1,23.2,16290,0.5,2.0,1,266.7,W,60,4.18,1
8642531,37.5,38.3,951.3,34.1,23.2,16295,0.8,3.1,1,217.0,SW,64,4.18,1
8645740,37.5,38.6,951.4,34.1,23.2,16278,1.0,3.6,1,223.8,SW,64,4.18,1
8648947,37.5,38.4,951.4,34.1,23.2,16289,1.0,3.6,1,268.7,W,64,4.18,1
8652154,37.5,38.2,951.4,34.1,23.1,16269,0.9,3.4,1,271.5,W,65,4.18,1
8655361,37.5,38.2,951.3,34.1,23.0,16263,0.8,3.1,1,239.9,WSW,63,4.18,1
8658568,37.5,38.5,951.4,34.1,23.0,16277,0.7,2.5,1,198.7,SSW,65,4.18,1
8661775,37.4,38.4,951.4,34.1,23.0,16283,0.7,2.8,1,168.4,SSE,64,4.18,1
8664982,37.5,38.2,951.4,34.1,23.0,16290,0.7,2.5,1,174.4,S,63,4.18,1
8668191,37.4,38.4,951.3,34.1,23.1,16284,0.7,2.5,1,179.7,S,65,4.18,1
8671398,37.4,38.4,951.4,34.1,23.0,16263,0.7,2.5,1,183.0,S,62,4.18,1
8674605,37.4,38.4,951.4,34.0,23.0,16267,0.6,2.2,1,199.6,SSW,64,4.18,1
8677812,37.4,38.3,951.4,34.0,23.0,16259,0.6,2.2,1,175.4,S,62,4.18,1
8681019,37.4,38.2,951.4,34.0,23.0,16226,0.6,2.2,1,175.7,S,59,4.18,1
8684226,37.4,38.4,951.3,34.0,22.8,16245,0.7,2.5,1,213.5,SSW,61,4.18,1
8687433,37.4,38.3,951.3,34.0,22.8,16241,0.6,2.2,1,120.8,ESE,65,4.20,1
8690640,37.4,38.2,951.3,34.0,22.7,16257,0.7,2.5,1,145.6,SE,67,4.19,1
8693849,37.4,38.3,951.3,34.0,22.6,16242,0.6,2.2,1,63.2,ENE,63,4.20,1
8697056,37.4,38.2,951.3,34.0,22.5,16227,0.5,2.0,1,315.7,NW,65,4.19,1
8700263,37.4,38.5,951.4,34.0,22.5,16232,0.4,1.7,1,236.0,SW,66,4.19,1
8703470,37.4,38.2,951.3,34.0,22.5,16232,0.3,1.4,1,169.8,S,67,4.20,1
8706677,37.4,38.2,951.4,34.0,22.5,16242,0.3,1.4,1,116.1,ESE,65,4.20,1
8709884,37.4,38.3,951.4,34.0,22.5,16227,0.3,1.1,1,82.6,E,65,4.20,1
8713091,37.4,38.3,951.3,34.0,22.5,16238,0.2,0.8,1,39.8,NE,65,4.20,1
8716300,37.4,39.1,951.3,34.0,22.5,16220,0.2,0.8,1,325.0,NW,65,4.20,1
8719507,37.4,39.0,951.3,34.0,22.5,16219,0.1,0.6,0,308.7,NW,66,4.20,1
8722714,37.4,39.0,951.3,34.0,22.5,16207,0.1,0.6,0,308.8,NW,65,4.18,1
8725921,37.4,38.2,951.4,34.0,22.5,16213,0.2,0.8,1,279.6,W,64,4.20,1
8729128,37.4,38.4,951.4,34.0,22.4,16213,0.3,1.4,1,240.9,WSW,67,4.19,1
8732335,37.4,38.2,951.4,34.0,22.4,16207,0.5,2.0,1,262.0,W,62,4.20,1
8735542,37.4,38.6,951.4,34.0,22.5,16204,0.7,2.8,1,237.2,WSW,64,4.18,1
8738751,37.4,38.4,951.3,34.0,22.5,16207,0.7,2.5,1,191.4,SSW,66,4.20,1
8741958,37.4,38.6,951.3,34.0,22.5,16189,0.6,2.2,1,61.1,ENE,66,4.20,1
8745165,37.4,38.5,951.4,34.0,22.4,16189,0.6,2.2,1,254.0,WSW,65,4.19,1
8748372,37.4,38.3,951.4,34.0,22.3,16187,0.7,2.5,1,186.8,S,65,4.20,1
8751579,37.4,38.4,951.4,34.0,22.2,16182,0.7,2.5,1,336.4,NNW,62,4.20,1
8754786,37.4,38.6,951.4,34.0,22.3,16186,0.7,2.8,1,241.7,WSW,66,4.19,1
8757993,37.4,38.7,951.3,34.0,22.5,16163,0.7,2.8,1,254.5,WSW,66,4.19,1
8761200,37.4,38.9,951.4,34.0,22.5,16167,0.8,3.1,1,279.1,W,65,4.19,1
8764409,37.4,38.4,951.4,34.0,22.5,16197,0.8,3.1,1,183.2,S,65,4.20,1
8767616,37.4,38.7,951.4,34.0,22.5,16179,0.8,3.1,1,151.6,SSE,67,4.19,1
8770823,37.4,38.4,951.3,34.0,22.5,16171,0.7,2.8,1,157.9,SSE,65,4.20,1
8774030,37.3,38.5,951.4,34.0,22.4,16166,0.7,2.5,1,158.2,SSE,65,4.20,1
8777237,37.3,38.6,951.4,34.0,22.3,16160,0.5,2.0,1,159.0,SSE,64,4.20,1
8780444,37.3,38.4,951.4,34.0,22.3,16158,0.4,1.7,1,154.9,SSE,66,4.20,1
8783651,37.3,38.4,951.4,34.0,22.3,16159,0.4,1.7,1,155.6,SSE,67,4.20,1
8786860,37.3,38.7,951.3,34.0,22.4,16169,0.3,1.4,1,160.8,SSE,65,4.20,1
8790067,37.3,38.5,951.3,34.0,22.4,16154,0.3,1.1,1,219.9,SW,66,4.20,1
8793274,37.3,38.9,951.4,34.0,22.4,16150,0.3,1.1,1,317.9,NW,65,4.20,1
8796481,37.3,39.1,951.4,34.0,22.4,16136,0.3,1.1,1,267.4,W,60,4.19,1
8799688,37.3,38.7,951.4,34.0,22.4,16142,0.3,1.4,1,209.6,SSW,63,4.20,1
8802895,37.3,38.4,951.4,33.9,22.5,16144,0.5,2.0,1,256.5,WSW,62,4.19,1
8806102,37.3,39.2,951.4,33.9,22.5,16121,0.3,1.4,1,34.4,NE,64,4.20,1
8809311,37.3,38.4,951.4,33.9,22.4,16120,0.3,1.4,1,102.8,ESE,63,4.18,1
8812518,37.3,39.1,951.4,33.9,22.4,16117,0.2,0.8,1,95.5,E,65,4.18,1
8815725,37.3,39.3,951.4,33.9,22.4,16128,0.1,0.6,0,132.0,SE,64,4.18,1
8818932,37.3,39.1,951.4,33.9,22.5,16104,0.3,1.4,1,339.2,NNW,66,4.19,1
8822139,37.3,38.9,951.4,33.9,22.5,16124,0.3,1.4,1,91.9,E,67,4.19,1
8825346,37.3,39.4,951.4,33.9,22.5,16115,0.3,1.1,1,210.7,SSW,64,4.19,1
8828553,37.3,39.2,951.4,33.9,22.5,16101,0.3,1.1,1,332.8,NNW,65,4.19,1
8831762,37.3,39.3,951.3,33.9,22.6,16114,0.3,1.1,1,348.3,NNW,65,4.19,1
8834969,37.3,39.3,951.4,33.9,22.7,16090,0.3,1.1,1,263.7,W,66,4.18,1
8838176,37.3,39.3,951.4,33.9,22.7,16112,0.2,0.8,1,227.3,SW,64,4.19,1
8841383,37.3,38.7,951.5,33.9,22.7,16094,0.2,0.8,1,259.2,W,62,4.20,1
8844590,37.3,39.2,951.5,33.9,22.5,16081,0.3,1.1,1,279.5,W,64,4.19,1
8847797,37.3,38.5,951.4,33.9,22.4,16095,0.3,1.1,1,274.7,W,63,4.20,1
8851004,37.3,39.2,951.4,33.9,22.5,16088,0.3,1.4,1,300.5,WNW,63,4.19,1
8854211,37.3,39.0,951.4,33.9,22.6,16079,0.3,1.4,1,296.9,WNW,66,4.17,1
8857420,37.3,39.4,951.4,33.9,22.7,16085,0.3,1.4,1,297.6,WNW,66,4.20,1
8860627,37.3,39.2,951.4,33.9,22.8,16087,0.3,1.1,1,277.1,W,67,4.19,1
8863834,37.3,39.4,951.4,33.9,23.0,16076,0.2,0.8,1,280.8,W,66,4.19,1
8867041,37.3,39.4,951.4,33.9,23.1,16097,0.2,0.8,1,301.0,WNW,67,4.20,1
8870248,37.3,39.3,951.4,33.9,23.1,16072,0.2,0.8,1,301.5,WNW,63,4.20,1
8873455,37.3,38.9,951.4,33.9,23.1,16074,0.2,0.8,1,299.2,WNW,67,4.18,1
8876662,37.3,39.2,951.4,33.9,23.1,16053,0.0,0.3,0,299.1,WNW,65,4.20,1
8879871,37.3,38.5,951.4,33.9,23.2,16057,0.1,0.6,0,301.0,WNW,64,4.18,1
8883078,37.3,39.0,951.4,33.9,23.2,16050,0.1,0.6,0,279.9,W,60,4.19,1
8886285,37.3,38.8,951.4,33.9,23.3,16052,0.1,0.6,0,288.1,WNW,63,4.20,1
8889492,37.3,38.8,951.4,33.9,23.3,16040,0.1,0.6,0,312.9,NW,65,4.19,1
8892699,37.3,38.9,951.5,33.9,23.3,16044,0.0,0.3,0,315.8,NW,65,4.18,1
8895906,37.3,38.8,951.4,33.9,23.3,16027,0.1,0.6,0,312.9,NW,64,4.20,1
8899113,37.3,38.7,951.4,33.9,23.5,16033,0.0,0.3,0,316.4,NW,64,4.20,1
8902322,37.3,39.2,951.4,33.9,23.6,16031,0.0,0.3,0,313.0,NW,67,4.17,1
8905529,37.3,38.5,951.4,33.9,23.7,16030,0.0,0.3,0,316.8,NW,66,4.20,1
8908736,37.3,39.4,951.3,33.9,23.7,16023,0.0,0.0,0,317.1,NW,64,4.18,1
8911943,37.3,38.5,951.4,33.9,23.7,16030,0.0,0.0,0,317.1,NW,60,4.19,1
8915150,37.3,39.3,951.3,33.9,23.7,15994,0.0,0.0,0,317.2,NW,64,4.18,1
8918357,37.3,38.8,951.3,33.9,23.7,16007,0.0,0.0,0,317.1,NW,63,4.17,1
8921564,37.3,39.3,951.4,33.9,23.7,16007,0.0,0.0,0,317.0,NW,62,4.18,1
8924771,37.3,38.8,951.4,33.9,23.7,15997,0.0,0.0,0,313.7,NW,62,4.18,1
8927980,37.3,39.3,951.4,33.9,23.6,16010,0.0,0.0,0,306.3,NW,63,4.17,1
8931187,37.3,38.5,951.4,33.9,23.5,15989,0.0,0.0,0,263.3,W,63,4.17,1
8934394,37.3,39.3,951.4,33.9,23.4,16005,0.0,0.0,0,262.0,W,65,4.18,1
8937601,37.3,38.8,951.4,33.9,23.5,16001,0.0,0.0,0,259.4,W,64,4.18,1
8940808,37.3,38.6,951.3,33.9,23.5,16001,0.0,0.0,0,261.7,W,65,4.18,1
8944015,37.3,38.7,951.4,33.9,23.6,15986,0.0,0.0,0,248.2,WSW,62,4.19,1
8947222,37.3,38.9,951.4,33.9,23.7,15965,0.0,0.0,0,253.0,WSW,65,4.17,1
8950431,37.3,39.4,951.3,33.9,23.7,15986,0.0,0.3,0,99.7,E,65,4.18,1
8953638,37.3,39.5,951.4,33.9,23.7,15971,0.1,0.6,0,342.3,NNW,62,4.18,1
8956847,37.3,39.4,951.4,33.9,23.7,15985,0.2,0.8,1,196.0,SSW,65,4.18,1
8960054,37.3,39.2,951.4,33.9,23.6,15967,0.3,1.4,1,21.8,NNE,62,4.19,1
8963261,37.3,39.2,951.4,33.9,23.7,15976,0.4,1.7,1,153.8,SSE,64,4.18,1
8966468,37.3,39.3,951.4,33.9,23.7,15951,0.3,1.1,1,6.5,N,60,4.19,1
8969675,37.3,39.1,951.3,33.9,23.7,15954,0.2,0.8,1,307.0,NW,64,4.17,1
8972884,37.3,39.3,951.4,33.9,23.7,15945,0.3,1.1,1,157.5,SSE,63,4.18,1
8976091,37.3,39.4,951.4,33.9,23.8,15946,0.7,2.5,1,200.0,SSW,65,4.19,1
8979298,37.3,38.6,951.4,33.9,23.9,15941,0.7,2.5,1,134.4,SE,65,4.18,1
8982505,37.3,38.3,951.4,33.9,23.5,15937,0.6,2.2,1,167.0,SSE,64,4.18,1
8985712,37.3,39.2,951.5,33.9,23.1,15949,0.7,2.5,1,22.4,NNE,65,4.18,1
8988919,37.3,38.8,951.4,33.9,23.1,15949,0.6,2.2,1,267.8,W,62,4.18,1
8992126,37.3,39.2,951.4,33.9,23.1,15952,0.6,2.2,1,252.2,WSW,63,4.19,1
8995333,37.3,38.5,951.4,33.9,23.1,15943,0.5,2.0,1,312.7,NW,62,4.18,1
8998542,37.3,39.1,951.3,33.9,23.2,15934,0.4,1.7,1,300.5,WNW,62,4.19,1
9001749,37.3,38.4,951.4,33.9,23.3,15928,0.4,1.7,1,281.0,W,61,4.18,1
9004956,37.3,39.4,951.4,33.9,23.2,15913,0.4,1.7,1,256.7,WSW,60,4.19,1
9008163,37.3,38.4,951.4,33.9,23.2,15904,0.4,1.7,1,277.3,W,61,4.18,1
9011370,37.3,39.2,951.3,33.9,23.2,15903,0.4,1.7,1,260.1,W,64,4.18,1
9014577,37.3,38.5,951.4,33.9,23.1,15907,0.7,2.8,1,314.7,NW,62,4.18,1
9017784,37.3,39.1,951.4,33.9,23.0,15909,0.7,2.8,1,325.2,NW,64,4.18,1
9021004,37.3,39.0,951.4,33.9,22.9,15893,0.7,2.5,1,248.8,WSW,65,4.18,1
9024211,37.3,38.6,951.4,33.9,22.7,15878,0.7,2.8,1,313.1,NW,61,4.18,1
9027418,37.3,38.8,951.4,33.9,22.7,15884,0.7,2.5,1,242.8,WSW,65,4.17,1
9030625,37.3,38.4,951.4,33.9,22.8,15898,0.7,2.8,1,176.5,S,65,4.18,1
9033832,37.3,38.6,951.4,33.9,22.8,15875,0.7,2.5,1,193.6,SSW,62,4.19,1
9037039,37.3,38.8,951.4,33.9,22.7,15883,0.6,2.2,1,278.7,W,64,4.18,1
9040246,37.3,38.6,951.3,33.9,22.6,15880,0.5,2.0,1,307.2,NW,65,4.18,1
9043455,37.3,39.3,951.4,33.9,22.7,15884,0.5,2.0,1,285.9,WNW,64,4.17,1
9046662,37.3,38.5,951.4,33.9,22.5,15862,0.5,2.0,1,290.6,WNW,63,4.18,1
9049869,37.3,39.0,951.4,33.9,22.5,15859,0.6,2.2,1,273.0,W,61,4.19,1
9053076,37.3,38.7,951.4,33.9,22.4,15876,0.6,2.2,1,250.6,WSW,62,4.18,1
9056283,37.3,38.7,951.4,33.9,22.4,15859,0.5,2.0,1,291.1,WNW,60,4.18,1
9059490,37.3,38.5,951.4,33.9,22.4,15866,0.5,2.0,1,308.6,NW,62,4.18,1
9062697,37.3,39.4,951.4,33.9,22.2,15868,0.6,2.2,1,263.9,W,61,4.18,1
9065904,37.3,38.5,951.4,33.9,22.2,15866,0.7,2.5,1,254.7,WSW,60,4.18,1
9069113,37.3,39.4,951.4,33.8,22.4,15848,0.6,2.2,1,249.7,WSW,61,4.18,1
9072320,37.3,38.6,951.4,33.8,22.4,15847,0.5,2.0,1,254.1,WSW,61,4.18,1
9075527,37.3,38.8,951.4,33.8,22.4,15847,0.5,2.0,1,242.2,WSW,62,4.18,1
9078734,37.3,38.5,951.4,33.8,22.4,15840,0.6,2.2,1,319.9,NW,61,4.18,1
9081941,37.3,39.2,951.4,33.8,22.4,15835,0.4,1.7,1,323.6,NW,61,4.18,1
9085148,37.3,39.3,951.4,33.8,22.5,15842,0.4,1.7,1,300.2,WNW,63,4.17,1
9088355,37.2,39.4,951.4,33.8,22.6,15813,0.4,1.7,1,262.7,W,62,4.18,1
9091564,37.2,39.3,951.4,33.8,22.6,15825,0.3,1.4,1,266.7,W,63,4.18,1
9094771,37.2,39.3,951.4,33.8,22.6,15826,0.3,1.1,1,300.7,WNW,61,4.19,1
9097978,37.2,39.1,951.3,33.8,22.7,15808,0.2,0.8,1,304.1,NW,62,4.17,1
9101185,37.2,39.4,951.4,33.8,22.8,15809,0.2,0.8,1,309.8,NW,57,4.19,1
9104392,37.2,38.6,951.5,33.8,22.8,15817,0.2,0.8,1,311.0,NW,64,4.19,1
9107599,37.2,39.5,951.4,33.8,22.9,15793,0.2,0.8,1,307.2,NW,60,4.18,1
9110806,37.2,39.4,951.3,33.7,23.0,15813,0.1,0.6,0,307.1,NW,65,4.19,1
9114015,37.2,39.4,951.4,33.7,23.0,15795,0.0,0.3,0,307.1,NW,61,4.18,1
9117222,37.2,38.7,951.4,33.7,23.0,15802,0.0,0.3,0,307.1,NW,64,4.19,1
9120429,37.2,39.6,951.3,33.7,23.1,15800,0.0,0.3,0,307.5,NW,61,4.19,1
9123636,37.2,39.0,951.4,33.7,23.1,15798,0.0,0.0,0,307.0,NW,61,4.18,1
9126843,37.2,39.2,951.4,33.7,23.2,15802,0.0,0.0,0,311.1,NW,61,4.19,1
9130050,37.2,39.1,951.4,33.7,23.2,15792,0.0,0.0,0,325.5,NW,65,4.18,1
9133257,37.2,38.9,951.3,33.7,23.3,15797,0.0,0.0,0,335.2,NNW,61,4.18,1
9136466,37.2,39.2,951.4,33.7,23.3,15789,0.0,0.0,0,316.9,NW,61,4.18,1
9139673,37.2,39.6,951.3,33.7,23.3,15793,0.0,0.0,0,254.7,WSW,62,4.18,1
9142880,37.2,38.7,951.3,33.7,23.2,15787,0.0,0.0,0,264.4,W,64,4.18,1
9146087,37.2,38.8,951.3,33.8,22.8,15789,0.0,0.3,0,231.6,SW,62,4.17,1
9149294,37.2,39.1,951.3,33.8,22.6,15786,0.2,0.8,1,271.6,W,61,4.18,1
9152501,37.2,39.7,951.4,33.8,22.6,15780,0.3,1.1,1,348.0,NNW,65,4.18,1
9155708,37.2,38.7,951.4,33.8,22.7,15773,0.2,0.8,1,350.0,N,60,4.19,1
9158915,37.2,39.2,951.3,33.8,22.8,15777,0.2,0.8,1,328.1,NNW,62,4.18,1
9162125,37.2,38.8,951.4,33.8,22.8,15776,0.2,0.8,1,210.4,SSW,63,4.18,1
9165332,37.2,38.9,951.3,33.7,22.7,15774,0.3,1.1,1,254.3,WSW,60,4.18,1
9168539,37.2,38.9,951.3,33.7,22.6,15777,0.2,0.8,1,356.8,N,63,4.18,1
9171746,37.2,38.9,951.3,33.7,22.6,15779,0.2,0.8,1,338.1,NNW,62,4.19,1
9174953,37.2,39.4,951.4,33.7,22.6,15753,0.1,0.6,0,226.3,SW,65,4.18,1
9178160,37.2,39.0,951.3,33.7,22.6,15757,0.1,0.6,0,200.9,SSW,64,4.17,1
9181367,37.2,39.4,951.4,33.7,22.7,15741,0.0,0.3,0,278.2,W,61,4.18,1
9184576,37.2,39.6,951.3,33.7,22.8,15776,0.0,0.3,0,23.0,NNE,65,4.18,1
9187783,37.2,39.3,951.3,33.7,22.8,15775,0.0,0.0,0,111.7,ESE,63,4.18,1
9190990,37.2,39.6,951.4,33.7,23.0,15763,0.0,0.0,0,140.0,SE,61,4.18,1
9194197,37.2,38.9,951.3,33.7,23.0,15763,0.0,0.0,0,144.4,SE,61,4.18,1
9197404,37.2,39.5,951.3,33.7,23.0,15759,0.0,0.0,0,145.5,SE,64,4.19,1
9200611,37.2,38.7,951.3,33.7,23.3,15763,0.3,1.4,1,216.7,SW,62,4.18,1
9203818,37.2,39.5,951.4,33.7,23.4,15751,0.6,2.2,1,254.4,WSW,61,4.17,1
9207027,37.2,39.7,951.3,33.7,23.3,15752,0.5,2.0,1,351.9,N,60,4.18,1
9210234,37.2,39.5,951.3,33.7,23.1,15752,0.4,1.7,1,313.6,NW,62,4.18,1
9213441,37.2,39.5,951.3,33.7,23.1,15748,0.4,1.7,1,209.6,SSW,62,4.18,1
9216648,37.2,39.6,951.3,33.7,23.1,15745,0.3,1.4,1,62.2,ENE,65,4.19,1
9219855,37.2,39.6,951.4,33.7,23.1,15746,0.3,1.1,1,340.1,NNW,59,4.18,1
9223062,37.2,38.9,951.3,33.7,23.1,15748,0.2,0.8,1,62.9,ENE,65,4.18,1
9226269,37.2,39.6,951.3,33.7,23.1,15747,0.1,0.6,0,149.2,SSE,62,4.18,1
9229476,37.2,39.6,951.3,33.7,23.1,15742,0.0,0.3,0,199.0,SSW,64,4.19,1
9232685,37.2,39.6,951.4,33.7,23.1,15744,0.0,0.3,0,177.9,S,61,4.18,1
9235892,37.2,39.5,951.3,33.7,23.1,15737,0.0,0.3,0,61.3,ENE,64,4.18,1
9239099,37.2,38.9,951.3,33.7,23.1,15712,0.0,0.3,0,0.9,N,63,4.18,1
9242306,37.2,39.5,951.2,33.7,23.1,15713,0.0,0.3,0,52.3,NE,65,4.18,1
9245513,37.2,38.9,951.3,33.7,23.2,15737,0.0,0.0,0,87.7,E,61,4.18,1
9248720,37.2,39.4,951.3,33.7,23.2,15694,0.0,0.0,0,40.1,NE,60,4.18,1
9251927,37.2,38.9,951.3,33.7,23.2,15732,0.0,0.0,0,39.3,NE,65,4.18,1
9255136,37.2,39.2,951.2,33.7,23.2,15727,0.0,0.0,0,41.4,NE,65,4.18,1
9258344,37.2,39.1,951.3,33.7,23.2,15702,0.0,0.0,0,45.9,NE,65,4.18,1
9261551,37.2,39.6,951.3,33.7,23.2,15722,0.0,0.0,0,67.6,ENE,64,4.18,1
9264757,37.2,39.6,951.3,33.8,23.2,15707,0.0,0.0,0,68.1,ENE,62,4.19,1
9267965,37.2,39.4,951.2,33.8,23.2,15724,0.0,0.0,0,72.6,ENE,64,4.18,1
9271171,37.3,39.5,951.3,33.8,23.2,15693,0.0,0.0,0,81.5,E,62,4.17,1
9274378,37.3,39.1,951.3,33.8,23.3,15703,0.0,0.0,0,76.6,ENE,62,4.18,1
9277587,37.3,38.7,951.3,33.8,23.3,15697,0.0,0.0,0,68.6,ENE,61,4.18,1
9280794,37.3,39.6,951.2,33.8,23.3,15697,0.0,0.0,0,67.5,ENE,63,4.19,1
9284001,37.3,38.9,951.3,33.8,23.3,15687,0.0,0.0,0,66.8,ENE,61,4.18,1
9287208,37.3,39.2,951.3,33.8,23.2,15702,0.0,0.0,0,65.2,ENE,60,4.18,1
9290415,37.3,39.1,951.3,33.8,23.2,15697,0.0,0.0,0,44.6,NE,65,4.18,1
9293622,37.3,39.1,951.3,33.8,23.2,15687,0.0,0.0,0,334.7,NNW,63,4.18,1
9296829,37.3,38.9,951.3,33.8,23.2,15687,0.0,0.0,0,251.2,WSW,61,4.18,1
9300036,37.3,39.0,951.3,33.8,23.2,15702,0.0,0.0,0,240.3,WSW,65,4.18,1
9303245,37.3,38.8,951.3,33.8,23.2,15684,0.0,0.0,0,286.6,WNW,63,4.19,1
9306452,37.3,38.9,951.3,33.9,23.3,15683,0.0,0.0,0,269.6,W,63,4.18,1
9309659,37.3,38.9,951.2,33.9,23.3,15695,0.0,0.0,0,267.8,W,62,4.18,1
9312866,37.3,39.0,951.3,33.9,23.2,15674,0.0,0.0,0,269.3,W,63,4.18,1
9316073,37.3,38.8,951.3,33.9,23.2,15676,0.0,0.0,0,269.4,W,64,4.18,1
9319280,37.3,38.6,951.3,33.9,23.2,15675,0.0,0.0,0,269.0,W,57,4.18,1
9322487,37.3,38.9,951.3,33.9,23.2,15667,0.0,0.0,0,272.6,W,62,4.18,1
9325696,37.3,38.6,951.2,33.9,23.2,15652,0.0,0.0,0,294.0,WNW,64,4.18,1
9328905,37.3,38.6,951.3,33.9,23.2,15636,0.0,0.0,0,337.3,NNW,61,4.18,1
9332112,37.3,39.5,951.3,33.9,23.3,15652,0.0,0.0,0,1.5,N,65,4.19,1
9335319,37.3,38.7,951.2,33.9,23.3,15671,0.0,0.0,0,320.0,NW,65,4.18,1
9338526,37.3,39.5,951.3,33.9,23.3,15633,0.0,0.0,0,258.8,W,63,4.18,1
9341733,37.3,38.8,951.3,33.9,23.2,15664,0.0,0.0,0,262.3,W,60,4.18,1
9344940,37.3,38.6,951.3,33.9,23.1,15633,0.0,0.3,0,268.6,W,61,4.18,1
9348149,37.3,38.9,951.3,33.9,22.9,15638,0.1,0.6,0,252.8,WSW,57,4.18,1
9351356,37.3,39.1,951.3,33.9,22.7,15645,0.2,0.8,1,243.8,WSW,62,4.18,1
9354563,37.3,38.7,951.3,33.9,22.7,15627,0.3,1.1,1,255.2,WSW,62,4.18,1
9357770,37.3,38.9,951.3,33.9,22.7,15618,0.3,1.1,1,282.3,WNW,63,4.18,1
9360977,37.3,39.1,951.3,33.9,22.8,15622,0.2,0.8,1,280.2,W,61,4.17,1
9364184,37.3,39.4,951.3,33.8,22.8,15620,0.1,0.6,0,283.3,WNW,62,4.18,1
9367391,37.3,39.7,951.3,33.8,22.8,15622,0.1,0.6,0,266.6,W,64,4.18,1
9370598,37.3,39.6,951.3,33.8,22.6,15611,0.2,0.8,1,258.7,WSW,65,4.18,1
9373807,37.3,39.2,951.3,33.8,22.6,15616,0.3,1.1,1,310.8,NW,63,4.19,1
9377014,37.3,39.6,951.3,33.8,22.7,15618,0.3,1.1,1,299.3,WNW,60,4.18,1
9380221,37.3,38.7,951.3,33.8,22.8,15594,0.3,1.1,1,277.3,W,65,4.18,1
9383428,37.3,39.4,951.3,33.8,22.9,15609,0.3,1.4,1,275.2,W,63,4.18,1
9386635,37.3,39.6,951.3,33.8,23.0,15593,0.3,1.1,1,266.6,W,62,4.18,1
9389842,37.3,39.1,951.3,33.8,22.9,15587,0.3,1.1,1,250.4,WSW,64,4.18,1
9393049,37.3,39.3,951.3,33.8,22.9,15564,0.2,0.8,1,254.7,WSW,62,4.18,1
9396258,37.3,39.4,951.3,33.8,23.1,15597,0.2,0.8,1,167.4,SSE,64,4.17,1
9399465,37.3,39.1,951.3,33.8,23.1,15581,0.2,0.8,1,331.3,NNW,64,4.18,1
9402672,37.3,39.4,951.4,33.8,22.8,15577,0.3,1.4,1,257.3,WSW,60,4.18,1
9405879,37.3,39.6,951.3,33.8,23.0,15560,0.7,2.5,1,278.2,W,61,4.18,1
9409086,37.3,39.5,951.3,33.8,23.1,15579,0.9,3.4,1,336.1,NNW,63,4.18,1
9412293,37.3,39.6,951.3,33.8,23.1,15572,1.0,3.9,1,267.1,W,65,4.18,1
9415500,37.3,39.1,951.3,33.8,23.1,15565,1.0,3.6,1,271.0,W,64,4.17,1
9418709,37.3,39.2,951.3,33.8,23.1,15546,0.9,3.4,1,273.4,W,59,4.18,1
9421916,37.3,39.6,951.3,33.8,23.1,15545,0.8,3.1,1,182.5,S,62,4.18,1
9425123,37.3,39.6,951.3,33.8,23.2,15551,0.7,2.5,1,99.8,E,62,4.18,1
9428330,37.3,39.7,951.3,33.8,23.2,15536,0.7,2.5,1,288.8,WNW,64,4.17,1
9431537,37.3,39.6,951.3,33.8,23.1,15537,0.6,2.2,1,197.0,SSW,62,4.18,1
9434744,37.3,39.5,951.2,33.8,23.2,15536,0.7,2.5,1,17.7,NNE,58,4.19,1
9437951,37.3,39.5,951.3,33.7,23.1,15529,0.7,2.8,1,287.1,WNW,64,4.18,1
9441158,37.3,39.5,951.2,33.7,23.1,15516,0.6,2.2,1,15.3,NNE,57,4.18,1
9444367,37.3,39.7,951.3,33.7,23.2,15517,0.6,2.2,1,164.9,SSE,61,4.18,1
9447574,37.3,39.5,951.3,33.7,23.3,15505,0.6,2.2,1,241.4,WSW,65,4.18,1
9450781,37.2,39.8,951.3,33.7,23.3,15523,0.6,2.2,1,26.4,NNE,65,4.18,1
9453988,37.2,39.5,951.3,33.7,23.3,15508,0.5,2.0,1,4.4,N,60,4.18,1
9457195,37.3,39.7,951.3,33.7,23.3,15496,0.5,2.0,1,270.0,W,64,4.18,1
9460403,37.2,39.7,951.3,33.7,23.3,15512,0.4,1.7,1,255.4,WSW,64,4.18,1
9463610,37.2,39.3,951.3,33.7,23.3,15506,0.4,1.7,1,329.8,NNW,65,4.18,1
9466819,37.2,39.6,951.3,33.7,23.3,15503,0.3,1.4,1,47.6,NE,65,4.18,1
9470026,37.2,39.6,951.3,33.7,23.3,15497,0.3,1.4,1,84.6,E,60,4.18,1
9473233,37.2,39.7,951.2,33.7,23.4,15473,0.2,0.8,1,86.8,E,59,4.18,1
9476440,37.2,39.7,951.3,33.7,23.5,15497,0.3,1.1,1,88.5,E,61,4.18,1
9479647,37.2,39.8,951.3,33.7,23.6,15494,0.3,1.1,1,195.5,SSW,61,4.18,1
9482854,37.2,39.6,951.3,33.7,23.7,15487,0.3,1.1,1,319.7,NW,64,4.18,1
9486061,37.2,39.6,951.4,33.7,23.7,15474,0.5,2.0,1,281.7,WNW,63,4.18,1
9489270,37.2,39.8,951.3,33.7,23.6,15477,0.6,2.2,1,262.2,W,65,4.17,1
9492477,37.2,39.4,951.3,33.7,23.6,15478,0.6,2.2,1,294.6,WNW,64,4.18,1
9495684,37.2,39.8,951.4,33.7,23.7,15462,0.5,2.0,1,258.2,WSW,64,4.18,1
9498891,37.2,39.7,951.3,33.7,23.7,15461,0.7,2.5,1,269.5,W,58,4.19,1
9502098,37.2,39.3,951.3,33.7,23.7,15486,0.7,2.5,1,63.7,ENE,60,4.18,1
9505305,37.2,39.6,951.3,33.7,23.7,15463,0.6,2.2,1,230.5,SW,64,4.17,1
9508512,37.2,39.6,951.3,33.7,23.8,15473,0.4,1.7,1,45.0,NE,62,4.17,1
9511719,37.2,39.7,951.3,33.7,23.8,15481,0.4,1.7,1,172.3,S,61,4.18,1
9514928,37.2,39.3,951.3,33.7,23.7,15470,0.3,1.4,1,316.3,NW,65,4.17,1
9518135,37.2,39.0,951.3,33.7,23.7,15477,0.3,1.1,1,29.1,NNE,65,4.18,1
9521342,37.2,39.0,951.3,33.7,23.6,15474,0.3,1.4,1,345.6,NNW,58,4.18,1
9524549,37.2,39.0,951.3,33.7,23.3,15455,0.4,1.7,1,201.2,SSW,65,4.17,1
9527756,37.2,39.6,951.3,33.7,23.2,15459,0.5,2.0,1,301.2,WNW,60,4.18,1
9530963,37.2,39.7,951.3,33.7,23.0,15442,0.5,2.0,1,225.3,SW,64,4.18,1
9534170,37.2,39.3,951.3,33.7,22.9,15445,0.6,2.2,1,266.7,W,61,4.17,1
9537379,37.2,39.8,951.3,33.7,23.1,15450,0.5,2.0,1,258.0,WSW,65,4.18,1
9540586,37.2,39.1,951.2,33.7,23.2,15458,0.6,2.2,1,226.1,SW,60,4.18,1
9543793,37.2,39.8,951.3,33.7,23.2,15432,0.8,3.1,1,259.4,W,60,4.19,1
9547000,37.2,39.0,951.3,33.7,23.2,15446,0.7,2.8,1,228.7,SW,64,4.18,1
9550207,37.2,39.7,951.2,33.7,23.2,15456,0.8,3.1,1,275.5,W,64,4.19,1
9553414,37.2,39.7,951.3,33.7,23.1,15450,0.7,2.5,1,294.6,WNW,64,4.19,1
9556621,37.2,39.6,951.3,33.7,23.0,15432,0.6,2.2,1,262.8,W,66,4.19,1
9559830,37.2,39.3,951.2,33.7,23.0,15435,0.6,2.2,1,269.0,W,66,4.19,1
9563037,37.2,39.9,951.3,33.7,23.0,15434,0.6,2.2,1,269.4,W,64,4.19,1
9566244,37.2,39.6,951.3,33.7,23.0,15442,0.5,2.0,1,273.0,W,64,4.19,1
9569451,37.2,39.8,951.2,33.7,23.1,15437,0.6,2.2,1,215.1,SW,63,4.18,1
9572658,37.2,39.5,951.3,33.7,23.2,15419,0.4,1.7,1,220.8,SW,66,4.18,1
9575865,37.2,39.4,951.3,33.7,23.1,15426,0.4,1.7,1,287.7,WNW,64,4.19,1
9579072,37.2,39.7,951.3,33.7,23.0,15414,0.5,2.0,1,286.6,WNW,63,4.20,1
9582279,37.2,39.7,951.3,33.7,23.1,15416,0.7,2.8,1,235.3,SW,62,4.19,1
9585488,37.2,39.8,951.2,33.7,23.2,15408,0.7,2.5,1,321.0,NW,64,4.17,1
9588695,37.2,39.6,951.3,33.7,23.2,15415,0.7,2.5,1,12.0,NNE,66,4.17,1
9591902,37.2,39.9,951.3,33.7,23.2,15413,0.6,2.2,1,221.4,SW,65,4.20,1
9595109,37.1,39.7,951.3,33.7,23.2,15422,0.5,2.0,1,198.0,SSW,64,4.18,1
9598316,37.1,39.9,951.3,33.7,23.2,15387,0.4,1.7,1,282.0,WNW,65,4.18,1
9601523,37.1,39.6,951.3,33.7,23.2,15413,0.5,2.0,1,331.0,NNW,63,4.17,1
9604730,37.1,39.7,951.3,33.6,23.2,15389,0.6,2.2,1,293.4,WNW,62,4.18,1
9607939,37.1,39.6,951.3,33.6,23.2,15404,0.7,2.5,1,279.2,W,60,4.18,1
9611146,37.1,40.0,951.3,33.6,23.1,15396,0.7,2.5,1,222.8,SW,64,4.17,1
9614353,37.1,39.5,951.2,33.6,23.1,15388,0.7,2.5,1,89.0,E,63,4.19,1
9617560,37.1,39.9,951.3,33.6,23.1,15392,0.6,2.2,1,182.5,S,60,4.18,1
9620767,37.1,39.7,951.3,33.6,23.1,15380,0.5,2.0,1,302.4,WNW,62,4.19,1
9623974,37.1,39.8,951.2,33.6,23.1,15384,0.5,2.0,1,304.4,NW,65,4.18,1
9627181,37.1,39.0,951.3,33.6,23.1,15380,0.4,1.7,1,253.4,WSW,65,4.18,1
9630390,37.1,39.8,951.3,33.6,23.2,15374,0.4,1.7,1,290.3,WNW,63,4.19,1
9633597,37.1,39.6,951.3,33.6,23.2,15389,0.4,1.7,1,306.3,NW,62,4.18,1
9636804,37.1,39.4,951.3,33.6,23.2,15368,0.5,2.0,1,232.5,SW,61,4.18,1
9640011,37.1,39.9,951.3,33.6,23.2,15370,0.5,2.0,1,302.0,WNW,59,4.18,1
9643218,37.1,40.0,951.3,33.6,23.2,15365,0.7,2.5,1,236.7,WSW,62,4.18,1
9646425,37.1,39.7,951.3,33.6,23.1,15359,0.6,2.2,1,256.8,WSW,65,4.18,1
9649632,37.0,39.8,951.3,33.6,23.1,15353,0.4,1.7,1,347.1,NNW,64,4.18,1
9652841,37.0,39.5,951.3,33.6,23.0,15354,0.3,1.4,1,347.3,NNW,63,4.18,1
9656048,37.0,39.7,951.3,33.6,23.0,15378,0.3,1.1,1,347.6,NNW,65,4.18,1
9659255,37.0,39.2,951.3,33.6,23.1,15347,0.2,0.8,1,343.0,NNW,60,4.18,1
9662462,37.0,40.0,951.3,33.6,23.1,15348,0.2,0.8,1,0.7,N,63,4.18,1
9665669,37.0,40.1,951.3,33.6,23.1,15334,0.2,0.8,1,359.3,N,64,4.17,1
9668876,37.0,39.9,951.3,33.6,23.1,15334,0.1,0.6,0,335.7,NNW,65,4.18,1
9672083,37.0,39.8,951.3,33.6,23.0,15333,0.1,0.6,0,284.2,WNW,62,4.18,1
9675290,37.0,39.9,951.4,33.6,23.1,15340,0.2,0.8,1,293.7,WNW,60,4.18,1
9678499,37.0,40.0,951.3,33.6,23.2,15323,0.2,0.8,1,286.8,WNW,64,4.18,1
9681706,37.0,39.8,951.2,33.6,23.2,15321,0.2,0.8,1,276.4,W,64,4.18,1
9684913,37.0,40.1,951.3,33.6,23.2,15332,0.2,0.8,1,303.9,NW,62,4.18,1
9688120,37.0,39.4,951.3,33.6,23.1,15312,0.3,1.1,1,307.1,NW,61,4.18,1
9691327,37.0,39.4,951.2,33.6,23.1,15298,0.3,1.4,1,272.8,W,64,4.18,1
9694534,37.0,40.1,951.2,33.6,23.1,15290,0.3,1.4,1,259.8,W,64,4.17,1
9697741,37.0,40.0,951.2,33.6,23.1,15300,0.6,2.2,1,236.2,SW,61,4.18,1
9700950,37.0,40.0,951.2,33.6,23.2,15300,0.6,2.2,1,236.1,SW,65,4.18,1
9704157,37.0,39.8,951.2,33.6,23.2,15295,0.5,2.0,1,238.8,WSW,63,4.18,1
9707366,37.0,39.9,951.3,33.6,23.2,15298,0.5,2.0,1,310.0,NW,62,4.18,1
9710573,37.0,39.8,951.2,33.6,23.2,15288,0.5,2.0,1,261.5,W,59,4.19,1
9713780,37.0,40.0,951.3,33.6,23.3,15292,0.6,2.2,1,179.6,S,65,4.18,1
9716987,37.0,39.8,951.2,33.6,23.2,15282,0.6,2.2,1,266.4,W,65,4.18,1
9720194,37.0,40.0,951.2,33.6,23.2,15272,0.5,2.0,1,134.1,SE,63,4.19,1
9723403,37.0,40.0,951.2,33.6,23.1,15281,0.5,2.0,1,311.4,NW,64,4.18,1
9726610,37.0,39.9,951.3,33.6,23.2,15274,0.5,2.0,1,69.6,ENE,62,4.18,1
9729817,37.0,40.0,951.3,33.6,23.2,15270,0.4,1.7,1,128.1,SE,65,4.20,1
9733024,37.0,39.9,951.3,33.6,23.2,15264,0.3,1.4,1,135.1,SE,63,4.18,1
9736231,37.0,39.7,951.3,33.6,23.3,15274,0.3,1.4,1,169.7,S,66,4.19,1
9739438,37.0,40.0,951.2,33.6,23.3,15248,0.3,1.4,1,257.6,WSW,65,4.20,1
9742645,37.0,39.9,951.3,33.6,23.3,15250,0.3,1.4,1,302.1,WNW,63,4.19,1
9745852,37.0,40.1,951.2,33.6,23.3,15245,0.3,1.4,1,259.4,W,65,4.18,1
9749061,37.0,40.0,951.3,33.6,23.3,15255,0.3,1.4,1,215.4,SW,66,4.19,1
9752268,37.0,40.0,951.3,33.6,23.3,15252,0.3,1.1,1,213.6,SSW,65,4.18,1
9755475,37.0,39.6,951.2,33.6,23.3,15249,0.3,1.1,1,227.7,SW,61,4.18,1
9758682,37.0,40.1,951.2,33.6,23.3,15240,0.3,1.1,1,221.6,SW,64,4.18,1
9761889,37.0,39.5,951.2,33.6,23.4,15237,0.3,1.1,1,110.7,ESE,63,4.19,1
9765096,37.0,40.1,951.2,33.6,23.4,15232,0.3,1.1,1,338.2,NNW,64,4.18,1
9768303,37.0,39.6,951.2,33.6,23.4,15248,0.2,0.8,1,321.8,NW,58,4.19,1
9771512,37.0,40.1,951.3,33.6,23.4,15220,0.2,0.8,1,357.8,N,62,4.18,1
9774719,37.0,40.0,951.2,33.6,23.4,15233,0.1,0.6,0,35.7,NE,64,4.18,1
9777926,37.0,40.0,951.3,33.6,23.4,15224,0.0,0.3,0,26.1,NNE,59,4.18,1
9781133,37.0,40.0,951.3,33.6,23.3,15231,0.1,0.6,0,284.8,WNW,63,4.18,1
9784340,37.0,40.1,951.3,33.6,23.2,15230,0.2,0.8,1,217.5,SW,62,4.19,1
9787547,37.0,40.1,951.2,33.6,23.2,15223,0.3,1.1,1,272.1,W,62,4.19,1
9790754,37.0,40.1,951.3,33.6,23.1,15240,0.3,1.4,1,264.7,W,60,4.18,1
9793963,37.0,40.0,951.3,33.6,23.0,15231,0.3,1.4,1,247.9,WSW,63,4.18,1
9797170,37.0,39.9,951.2,33.6,23.0,15226,0.4,1.7,1,273.5,W,61,4.18,1
9800377,37.0,40.0,951.3,33.6,22.9,15226,0.5,2.0,1,249.0,WSW,65,4.19,1
9803584,37.0,40.1,951.3,33.6,23.0,15228,0.5,2.0,1,300.0,WNW,61,4.18,1
9806791,37.0,39.9,951.2,33.6,23.2,15227,0.4,1.7,1,294.2,WNW,65,4.17,1
9809998,37.0,40.1,951.3,33.6,23.2,15207,0.4,1.7,1,260.8,W,60,4.18,1
9813205,37.0,39.9,951.2,33.6,23.4,15219,0.4,1.7,1,251.1,WSW,61,4.18,1
9816412,37.0,39.4,951.2,33.6,23.4,15204,0.4,1.7,1,297.2,WNW,62,4.17,1
9819621,37.0,39.9,951.2,33.6,23.3,15177,0.3,1.4,1,295.4,WNW,61,4.18,1
9822828,37.0,40.0,951.2,33.6,23.3,15194,0.3,1.4,1,272.8,W,64,4.18,1
9826035,37.0,40.0,951.3,33.6,23.0,15193,0.5,2.0,1,274.3,W,62,4.18,1
9829242,37.0,39.6,951.3,33.6,22.8,15194,0.7,2.5,1,283.1,WNW,63,4.18,1
9832449,37.0,40.0,951.2,33.5,22.6,15193,0.6,2.2,1,282.7,WNW,61,4.18,1
9835656,37.0,39.6,951.3,33.5,22.3,15171,0.9,3.4,1,298.8,WNW,64,4.18,1
9838863,37.0,39.9,951.2,33.5,22.0,15170,1.0,3.6,1,298.9,WNW,62,4.18,1
9842072,37.0,39.9,951.3,33.5,21.9,15167,1.2,4.5,1,305.8,NW,63,4.17,1
9845279,36.9,39.2,951.3,33.5,21.9,15167,1.0,3.9,1,313.6,NW,60,4.19,1
9848486,36.9,39.6,951.3,33.5,22.0,15153,0.8,3.1,1,321.9,NW,67,4.17,1
9851693,36.9,39.5,951.2,33.5,22.1,15162,0.7,2.5,1,21.0,NNE,66,4.19,1
9854900,36.9,40.0,951.2,33.5,22.0,15157,0.7,2.5,1,213.5,SSW,64,4.19,1
9858107,36.9,39.7,951.3,33.5,21.8,15154,0.6,2.2,1,181.6,S,66,4.19,1
9861314,36.9,40.0,951.2,33.5,21.6,15132,0.6,2.2,1,359.8,N,65,4.19,1
9864523,36.9,40.2,951.2,33.5,21.5,15128,0.7,2.5,1,198.8,SSW,66,4.19,1
9867730,36.9,40.3,951.2,33.4,21.4,15130,0.5,2.0,1,270.2,W,65,4.18,1
9870937,36.9,40.2,951.3,33.4,21.6,15131,0.5,2.0,1,79.9,E,65,4.19,1
9874144,36.9,40.1,951.2,33.4,21.7,15116,0.4,1.7,1,287.4,WNW,65,4.19,1
9877351,36.9,40.1,951.2,33.4,21.6,15119,0.6,2.2,1,286.5,WNW,66,4.19,1
9880558,36.8,40.2,951.3,33.4,21.6,15117,0.7,2.8,1,294.7,WNW,62,4.19,1
9883765,36.8,40.0,951.2,33.4,21.8,15093,0.7,2.8,1,320.5,NW,61,4.20,1
9886972,36.8,40.2,951.2,33.4,21.9,15102,0.7,2.5,1,266.9,W,66,4.19,1
9890181,36.8,39.9,951.2,33.4,22.0,15083,0.5,2.0,1,252.5,WSW,64,4.19,1
9893388,36.8,40.1,951.2,33.4,22.2,15101,0.4,1.7,1,290.0,WNW,65,4.19,1
9896595,36.8,40.1,951.3,33.4,22.4,15090,0.3,1.4,1,325.6,NW,66,4.17,1
9899802,36.8,39.8,951.2,33.4,22.5,15072,0.3,1.1,1,3.1,N,67,4.19,1
9903009,36.8,40.0,951.3,33.4,22.6,15081,0.3,1.4,1,55.9,NE,66,4.19,1
9906216,36.8,40.1,951.3,33.4,22.6,15088,0.2,0.8,1,59.5,ENE,63,4.20,1
9909423,36.8,40.1,951.3,33.4,22.7,15077,0.1,0.6,0,34.9,NE,65,4.19,1
9912632,36.8,40.3,951.2,33.4,22.8,15076,0.1,0.6,0,33.5,NNE,61,4.19,1
9915839,36.8,40.2,951.2,33.4,22.9,15058,0.1,0.6,0,33.3,NNE,64,4.18,1
9919046,36.8,40.1,951.3,33.4,23.0,15076,0.1,0.6,0,34.2,NE,62,4.19,1
9922254,36.7,40.3,951.2,33.4,23.0,15074,0.1,0.6,0,37.8,NE,64,4.20,1
9925460,36.8,40.1,951.2,33.4,23.1,15066,0.0,0.3,0,37.2,NE,67,4.19,1
9928667,36.8,40.0,951.3,33.4,23.1,15050,0.0,0.0,0,13.1,NNE,67,4.19,1
9931874,36.8,40.2,951.3,33.4,23.1,15062,0.0,0.0,0,10.6,N,65,4.19,1
9935083,36.7,39.3,951.2,33.4,23.2,15043,0.0,0.0,0,12.7,NNE,67,4.19,1
9938290,36.7,40.0,951.2,33.4,23.3,15062,0.0,0.0,0,11.5,NNE,65,4.19,1
9941498,36.7,39.6,951.2,33.4,23.3,15062,0.0,0.0,0,2.2,N,67,4.18,1
9944704,36.7,40.0,951.2,33.4,23.3,15049,0.0,0.0,0,316.1,NW,65,4.19,1
9947911,36.7,39.6,951.2,33.4,23.3,15063,0.0,0.0,0,261.5,W,67,4.20,1
9951118,36.8,40.1,951.3,33.4,23.5,15044,0.0,0.0,0,228.5,SW,65,4.19,1
9954326,36.7,39.5,951.2,33.4,23.5,15068,0.0,0.0,0,200.0,SSW,64,4.19,1
9957532,36.8,39.5,951.2,33.4,23.5,15061,0.0,0.3,0,121.0,ESE,65,4.20,1
9960741,36.8,40.1,951.3,33.4,23.5,15057,0.0,0.3,0,45.6,NE,65,4.19,1
9963948,36.8,40.1,951.2,33.4,23.6,15046,0.0,0.0,0,344.7,NNW,67,4.17,1
9967155,36.8,40.0,951.3,33.4,23.6,15038,0.0,0.0,0,268.6,W,66,4.18,1
9970362,36.8,40.4,951.3,33.4,23.7,15025,0.0,0.0,0,247.9,WSW,60,4.18,1
9973569,36.8,40.0,951.3,33.4,23.7,15011,0.0,0.3,0,217.9,SW,65,4.19,1
9976776,36.8,40.2,951.3,33.4,23.8,14991,0.2,0.8,1,200.3,SSW,63,4.20,1
9979983,36.8,39.9,951.3,33.4,23.7,14992,0.2,0.8,1,239.1,WSW,63,4.17,1
9983192,36.8,40.0,951.3,33.4,23.7,14997,0.2,0.8,1,226.9,SW,67,4.19,1
9986399,36.8,39.9,951.2,33.4,23.6,14977,0.2,0.8,1,185.1,S,63,4.19,1
9989606,36.8,40.0,951.3,33.4,23.6,15000,0.1,0.6,0,103.7,ESE,65,4.19,1
9992813,36.8,39.6,951.3,33.4,23.6,14998,0.2,0.8,1,332.4,NNW,66,4.19,1
9996020,36.8,39.3,951.3,33.4,23.5,14972,0.2,0.8,1,184.2,S,63,4.19,1
9999227,36.8,40.1,951.3,33.5,23.4,14987,0.2,0.8,1,256.1,WSW,60,4.19,1
10002434,36.8,40.0,951.3,33.5,23.3,14980,0.2,0.8,1,357.9,N,65,4.18,1
10005643,36.8,39.4,951.2,33.5,23.4,14974,0.2,0.8,1,336.5,NNW,62,4.20,1
10008850,36.8,39.7,951.3,33.5,23.5,14977,0.2,0.8,1,259.4,W,60,4.19,1
10012057,36.8,40.3,951.2,33.5,23.5,14964,0.2,0.8,1,250.6,WSW,65,4.20,1
10015264,36.8,39.5,951.3,33.5,23.5,14984,0.2,0.8,1,299.6,WNW,66,4.18,1
10018471,36.8,39.3,951.2,33.5,23.5,14962,0.2,0.8,1,8.1,N,63,4.20,1
10021678,36.8,39.3,951.3,33.5,23.5,14972,0.3,1.1,1,1.7,N,64,4.18,1
10024885,36.8,40.2,951.3,33.5,23.5,14977,0.2,0.8,1,0.9,N,66,4.19,1
10028092,36.8,40.2,951.2,33.5,23.5,14952,0.3,1.1,1,273.0,W,64,4.20,1
10031301,36.8,39.2,951.2,33.5,23.4,14982,0.3,1.4,1,3.9,N,64,4.19,1
10034508,36.8,39.7,951.2,33.5,23.5,14956,0.3,1.4,1,203.0,SSW,65,4.19,1
10037715,36.8,39.3,951.2,33.5,23.5,14952,0.4,1.7,1,173.5,S,60,4.19,1
10040922,36.8,39.5,951.2,33.5,23.5,14960,0.5,2.0,1,39.3,NE,63,4.19,1
10044129,36.8,39.6,951.2,33.5,23.5,14937,0.5,2.0,1,320.1,NW,65,4.19,1
10047336,36.8,39.6,951.2,33.5,23.5,14954,0.5,2.0,1,134.8,SE,65,4.19,1
10050543,36.8,39.9,951.2,33.5,23.5,14952,0.4,1.7,1,39.7,NE,67,4.18,1
10053752,36.8,40.1,951.3,33.5,23.6,14933,0.4,1.7,1,216.9,SW,62,4.20,1
10056959,36.8,39.3,951.3,33.5,23.5,14927,0.4,1.7,1,209.0,SSW,66,4.18,1
10060166,36.8,39.7,951.2,33.5,23.4,14939,0.4,1.7,1,340.9,NNW,65,4.19,1
10063373,36.8,39.4,951.2,33.5,23.3,14942,0.5,2.0,1,276.7,W,67,4.19,1
10066580,36.8,40.2,951.3,33.5,23.3,14925,0.4,1.7,1,186.2,S,65,4.20,1
10069787,36.8,39.2,951.2,33.5,23.5,14933,0.5,2.0,1,295.4,WNW,67,4.17,1
10072994,36.8,40.2,951.3,33.5,23.6,14922,0.5,2.0,1,255.7,WSW,67,4.20,1
10076203,36.8,40.0,951.3,33.5,23.6,14928,0.6,2.2,1,252.6,WSW,67,4.19,1
10079410,36.8,40.0,951.3,33.5,23.7,14916,0.6,2.2,1,253.3,WSW,64,4.19,1
10082617,36.8,39.3,951.2,33.5,23.7,14916,0.5,2.0,1,287.0,WNW,62,4.18,1
10085826,36.8,40.1,951.3,33.5,23.7,14911,0.4,1.7,1,343.0,NNW,67,4.19,1
10089033,36.8,39.3,951.2,33.5,23.7,14918,0.3,1.4,1,333.0,NNW,65,4.19,1
10092240,36.8,39.3,951.2,33.5,23.7,14901,0.4,1.7,1,272.9,W,66,4.18,1
10095447,36.8,39.7,951.2,33.5,23.7,14874,0.4,1.7,1,8.0,N,65,4.19,1
10098656,36.8,39.4,951.3,33.5,23.7,14877,0.3,1.4,1,146.6,SSE,65,4.19,1
10101863,36.8,39.9,951.2,33.5,23.6,14892,0.3,1.4,1,77.3,ENE,62,4.20,1
10105070,36.8,40.1,951.3,33.5,23.6,14882,0.3,1.4,1,333.7,NNW,66,4.17,1
10108277,36.8,40.1,951.3,33.5,23.6,14871,0.3,1.1,1,332.5,NNW,65,4.19,1
10111484,36.8,39.3,951.2,33.5,23.7,14867,0.2,0.8,1,331.7,NNW,65,4.19,1
10114691,36.8,40.1,951.3,33.5,23.7,14862,0.2,0.8,1,331.6,NNW,64,4.19,1
10117898,36.8,39.9,951.2,33.5,23.7,14860,0.1,0.6,0,331.6,NNW,67,4.20,1
10121107,36.8,39.3,951.3,33.5,23.7,14867,0.2,0.8,1,329.5,NNW,63,4.19,1
10124314,36.8,39.9,951.3,33.5,23.8,14861,0.1,0.6,0,312.4,NW,66,4.19,1
10127521,36.8,39.3,951.3,33.5,23.8,14846,0.0,0.3,0,307.0,NW,64,4.19,1
10130728,36.8,40.2,951.3,33.5,23.8,14848,0.0,0.3,0,320.3,NW,65,4.20,1
10133935,36.8,40.2,951.3,33.5,23.8,14854,0.0,0.0,0,323.7,NW,67,4.20,1
10137142,36.8,40.1,951.3,33.5,23.8,14824,0.0,0.0,0,277.2,W,62,4.19,1
10140349,36.8,40.2,951.2,33.5,23.9,14827,0.0,0.3,0,201.6,SSW,64,4.19,1
10143556,36.8,39.7,951.2,33.5,23.8,14841,0.2,0.8,1,288.5,WNW,67,4.19,1
10146765,36.8,39.5,951.2,33.5,24.0,14832,0.3,1.1,1,274.4,W,64,4.20,1
10149972,36.8,40.3,951.2,33.5,23.9,14814,0.2,0.8,1,190.0,S,65,4.18,1
10153179,36.8,39.8,951.2,33.5,23.8,14814,0.2,0.8,1,248.3,WSW,63,4.20,1
10156386,36.8,39.6,951.3,33.5,23.7,14801,0.2,0.8,1,305.4,NW,66,4.20,1
10159593,36.8,39.2,951.3,33.5,23.6,14796,0.2,0.8,1,328.8,NNW,66,4.19,1
10162800,36.8,39.9,951.3,33.5,23.6,14804,0.2,0.8,1,284.3,WNW,64,4.20,1
10166007,36.8,39.4,951.2,33.5,23.6,14797,0.3,1.4,1,180.0,S,66,4.19,1
10169216,36.8,40.2,951.3,33.5,23.4,14787,0.3,1.4,1,298.0,WNW,60,4.20,1
10172423,36.8,39.9,951.3,33.5,23.4,14801,0.3,1.1,1,307.2,NW,66,4.19,1
10175630,36.8,40.0,951.3,33.5,23.4,14782,0.2,0.8,1,301.0,WNW,66,4.20,1
10178837,36.8,40.3,951.3,33.5,23.4,14802,0.3,1.1,1,303.6,WNW,60,4.19,1
10182044,36.8,40.1,951.3,33.5,23.4,14797,0.2,0.8,1,321.8,NW,66,4.19,1
10185251,36.8,39.5,951.3,33.5,23.4,14788,0.2,0.8,1,290.4,WNW,64,4.19,1
10188458,36.8,40.1,951.3,33.5,23.3,14775,0.2,0.8,1,194.4,SSW,66,4.18,1
10191667,36.8,39.3,951.2,33.5,23.3,14779,0.1,0.6,0,183.6,S,63,4.20,1
10194874,36.8,40.2,951.3,33.5,23.4,14767,0.2,0.8,1,231.8,SW,64,4.20,1
10198081,36.8,39.4,951.2,33.5,23.4,14771,0.1,0.6,0,265.7,W,66,4.20,1
10201288,36.8,40.2,951.2,33.5,23.5,14771,0.1,0.6,0,271.3,W,60,4.19,1
10204495,36.8,39.5,951.3,33.5,23.5,14749,0.0,0.3,0,303.5,WNW,65,4.18,1
10207702,36.8,40.2,951.3,33.5,23.5,14755,0.0,0.3,0,352.8,N,61,4.20,1
10210909,36.8,39.8,951.3,33.5,23.5,14763,0.0,0.3,0,349.3,N,65,4.20,1
10214118,36.8,40.2,951.2,33.5,23.4,14754,0.1,0.6,0,171.1,S,67,4.19,1
10217325,36.8,39.9,951.2,33.5,23.5,14747,0.1,0.6,0,79.1,E,66,4.19,1
10220532,36.8,40.2,951.3,33.5,23.5,14735,0.0,0.3,0,355.3,N,63,4.19,1
10223739,36.8,39.9,951.2,33.5,23.6,14740,0.0,0.3,0,325.9,NW,65,4.20,1
10226946,36.8,40.2,951.2,33.5,23.6,14736,0.0,0.0,0,323.7,NW,60,4.18,1
10230153,36.8,39.3,951.2,33.5,23.6,14729,0.0,0.0,0,316.6,NW,66,4.19,1
10233360,36.8,40.2,951.3,33.5,23.6,14718,0.0,0.0,0,315.7,NW,65,4.18,1
10236569,36.8,39.8,951.3,33.5,23.6,14717,0.0,0.0,0,314.6,NW,64,4.17,1
10239776,36.8,40.3,951.3,33.5,23.6,14707,0.0,0.3,0,307.5,NW,65,4.20,1
10242983,36.8,40.1,951.2,33.5,23.6,14712,0.0,0.0,0,307.7,NW,66,4.17,1
10246190,36.8,40.2,951.3,33.5,23.6,14712,0.0,0.3,0,308.3,NW,64,4.19,1
10249397,36.8,40.3,951.2,33.5,23.7,14708,0.0,0.0,0,307.8,NW,62,4.19,1
10252604,36.8,40.1,951.2,33.5,23.7,14687,0.0,0.0,0,308.0,NW,63,4.20,1
10255811,36.8,39.6,951.2,33.5,23.7,14693,0.0,0.0,0,308.5,NW,65,4.17,1
10259018,36.8,40.3,951.2,33.5,23.8,14692,0.0,0.0,0,308.3,NW,62,4.19,1
10262227,36.8,40.2,951.3,33.5,23.8,14692,0.0,0.0,0,308.3,NW,65,4.19,1
10265434,36.8,40.2,951.3,33.5,23.9,14687,0.0,0.0,0,308.2,NW,64,4.19,1
10268641,36.8,40.0,951.2,33.5,24.0,14669,0.0,0.0,0,308.2,NW,63,4.19,1
10271848,36.8,40.2,951.2,33.5,24.0,14670,0.0,0.0,0,308.1,NW,66,4.17,1
10275055,36.8,39.9,951.3,33.5,24.1,14671,0.0,0.0,0,308.1,NW,64,4.18,1
10278262,36.8,40.3,951.3,33.5,24.1,14667,0.0,0.0,0,308.0,NW,62,4.18,1
10281469,36.8,40.1,951.3,33.5,24.0,14697,0.0,0.0,0,308.8,NW,62,4.19,1
10284678,36.8,40.2,951.3,33.5,24.0,14681,0.0,0.0,0,318.9,NW,65,4.18,1
10287885,36.8,39.9,951.2,33.5,24.3,14456,0.0,0.0,0,340.6,NNW,66,4.19,1
10291092,36.8,40.2,951.3,33.5,23.5,6571,0.0,0.3,0,227.2,SW,58,4.12,1
10294299,36.8,40.2,951.3,33.5,23.7,126,0.0,0.3,0,293.1,WNW,56,4.01,1
10297506,36.8,39.7,951.3,33.5,24.2,34,0.1,0.6,0,320.6,NW,59,3.93,1
10300713,36.8,40.3,951.0,33.5,24.4,158,0.0,0.0,0,338.6,NNW,60,3.97,1
10303920,36.8,36.7,951.4,33.5,23.3,160,0.0,0.0,0,341.9,NNW,58,3.94,1
